,Location,Month,Avg_MinTemp,Avg_MaxTemp,Avg_Rainfall,RainyDays_Percent,HeavyRain_Percent,Avg_TempRange
0,Adelaide,1,18.07919708029197,31.006204379562046,0.7725925925925926,0.14963503649635038,0.0036496350364963502,12.927007299270073
1,Adelaide,2,17.85,30.07098214285714,0.8837837837837839,0.13392857142857142,0.008928571428571428,12.220982142857142
2,Adelaide,3,15.947777777777777,27.073703703703703,1.2136363636363636,0.23703703703703705,0.014814814814814815,11.125925925925927
3,Adelaide,4,12.922881355932205,23.285169491525423,1.4343347639484978,0.2923728813559322,0.012711864406779662,10.36228813559322
4,Adelaide,5,10.755598455598454,19.16833976833977,2.2526315789473683,0.43243243243243246,0.015444015444015444,8.412741312741312
5,Adelaide,6,8.174031007751939,16.24186046511628,2.234645669291339,0.4806201550387597,0.01937984496124031,8.067829457364342
6,Adelaide,7,7.933457249070631,15.368029739776953,2.944274809160305,0.550185873605948,0.011152416356877323,7.43457249070632
7,Adelaide,8,8.098473282442749,16.713358778625953,2.4764940239043827,0.5152671755725191,0.011450381679389313,8.614885496183206
8,Adelaide,9,10.097338403041825,19.629657794676806,1.7556420233463035,0.44106463878326996,0.019011406844106463,9.532319391634982
9,Adelaide,10,11.946840148698884,23.28252788104089,0.9154716981132075,0.25555555555555554,0.003703703703703704,11.358582089552238
10,Adelaide,11,14.494716981132076,26.46566037735849,0.7412213740458015,0.2490566037735849,0.0,11.970943396226415
11,Adelaide,12,16.015481171548117,28.082426778242677,1.217167381974249,0.2510460251046025,0.012552301255230125,12.06694560669456
12,Albany,1,16.801119402985073,23.342335766423357,0.8876363636363637,0.2302158273381295,0.007194244604316547,6.5034090909090905
13,Albany,2,17.12922374429224,22.98080357142857,0.6928251121076233,0.25,0.004464285714285714,5.850684931506849
14,Albany,3,16.078651685393258,22.66021897810219,1.1562962962962962,0.35766423357664234,0.0072992700729927005,6.637078651685393
15,Albany,4,14.294298245614035,21.218884120171673,2.0663793103448276,0.4364406779661017,0.01694915254237288,6.917777777777777
16,Albany,5,11.637090909090908,19.348736462093864,2.546909090909091,0.5306859205776173,0.01444043321299639,7.727636363636363
17,Albany,6,10.351417004048583,17.80534351145038,3.9231660231660235,0.5648854961832062,0.04198473282442748,7.363562753036437
18,Albany,7,9.176326530612243,16.690495867768593,3.8391129032258067,0.6411290322580645,0.020161290322580645,7.459832635983264
19,Albany,8,9.303643724696355,17.351260504201683,3.7754032258064516,0.6532258064516129,0.036290322580645164,7.9957805907173
20,Albany,9,9.9925,17.81791666666667,3.5941666666666667,0.5833333333333334,0.03333333333333333,7.8254166666666665
21,Albany,10,12.021052631578947,19.34186991869919,1.9822580645161292,0.45564516129032256,0.020161290322580645,7.33265306122449
22,Albany,11,13.772689075630252,21.026582278481012,1.4623430962343096,0.3305439330543933,0.008368200836820083,7.2
23,Albany,12,14.974576271186441,21.051476793248945,1.0769874476987447,0.2892561983471074,0.008264462809917356,6.097413793103448
24,Albury,1,16.874193548387094,32.9258064516129,1.4752688172043011,0.18996415770609318,0.014336917562724014,16.051612903225806
25,Albury,2,16.746575342465754,31.404072398190046,2.3722222222222222,0.2398190045248869,0.03619909502262444,14.681735159817352
26,Albury,3,13.72169117647059,27.91691176470588,2.1561338289962824,0.24175824175824176,0.018315018315018316,14.221033210332104
27,Albury,4,9.502083333333333,22.691666666666666,2.0008333333333335,0.26666666666666666,0.020833333333333332,13.189583333333333
28,Albury,5,5.4554347826086955,17.372101449275362,1.6167272727272728,0.3188405797101449,0.014492753623188406,11.916666666666666
29,Albury,6,3.4359848484848485,13.987878787878788,1.9756653992395439,0.48863636363636365,0.007575757575757576,10.551893939393938
30,Albury,7,3.6544354838709676,13.326209677419355,2.2564516129032257,0.5604838709677419,0.016129032258064516,9.671774193548387
31,Albury,8,3.7752032520325205,14.866801619433199,2.2398373983739837,0.5303643724696356,0.016194331983805668,11.104065040650406
32,Albury,9,5.832034632034632,18.222844827586208,2.148471615720524,0.3706896551724138,0.04310344827586207,12.388311688311688
33,Albury,10,8.321810699588477,22.307786885245903,1.4958333333333333,0.27049180327868855,0.01639344262295082,14.00164609053498
34,Albury,11,12.552916666666667,27.229166666666668,2.1933333333333334,0.225,0.03333333333333333,14.676250000000001
35,Albury,12,14.543319838056679,29.485425101214574,1.3146341463414635,0.2591093117408907,0.008097165991902834,14.942105263157893
36,AliceSprings,1,21.78956834532374,36.16317689530686,2.0934782608695652,0.2158273381294964,0.04316546762589928,14.388086642599278
37,AliceSprings,2,20.325221238938052,35.67389380530974,1.8601769911504424,0.15486725663716813,0.03982300884955752,15.348672566371683
38,AliceSprings,3,18.181720430107525,33.372401433691756,0.8437275985663083,0.12544802867383512,0.014336917562724014,15.19068100358423
39,AliceSprings,4,13.019327731092437,28.777310924369747,0.6953586497890296,0.08823529411764706,0.004201680672268907,15.757983193277312
40,AliceSprings,5,7.829856115107913,23.715827338129497,0.5068592057761733,0.07194244604316546,0.0,15.885971223021583
41,AliceSprings,6,4.385606060606061,20.093560606060606,0.17424242424242425,0.07575757575757576,0.0,15.707954545454545
42,AliceSprings,7,3.7620967741935485,19.993951612903224,0.7185483870967743,0.08064516129032258,0.012096774193548387,16.231854838709676
43,AliceSprings,8,5.877822580645161,23.941129032258065,0.19677419354838707,0.056451612903225805,0.0,18.063306451612902
44,AliceSprings,9,10.3425,27.972916666666666,0.4516666666666667,0.11666666666666667,0.0,17.63041666666667
45,AliceSprings,10,13.828629032258064,31.824193548387097,0.34919354838709676,0.06854838709677419,0.0,17.99556451612903
46,AliceSprings,11,18.10878661087866,34.83208333333334,0.7958333333333333,0.1375,0.0125,16.723012552301256
47,AliceSprings,12,20.41844262295082,35.2922131147541,1.7851239669421488,0.25,0.020491803278688523,14.873770491803278
48,BadgerysCreek,1,17.537037037037038,30.666420664206644,2.697744360902256,0.3382352941176471,0.029411764705882353,13.10631970260223
49,BadgerysCreek,2,17.499545454545455,29.104090909090907,2.970232558139535,0.4090909090909091,0.05454545454545454,11.604545454545455
50,BadgerysCreek,3,15.73211678832117,27.072,3.590441176470588,0.4072727272727273,0.05454545454545454,11.36094890510949
51,BadgerysCreek,4,12.098319327731092,23.844117647058823,2.7746835443037976,0.4327731092436975,0.03361344537815126,11.745798319327731
52,BadgerysCreek,5,7.469548872180451,20.765543071161048,1.441860465116279,0.250936329588015,0.018726591760299626,13.283834586466165
53,BadgerysCreek,6,6.345669291338583,17.62490272373541,3.102380952380952,0.3735408560311284,0.038910505836575876,11.265354330708663
54,BadgerysCreek,7,4.359109311740891,17.40485829959514,1.0097560975609756,0.32388663967611336,0.012145748987854251,13.045748987854251
55,BadgerysCreek,8,4.9454166666666675,19.269583333333333,1.3725321888412019,0.20416666666666666,0.025,14.324166666666667
56,BadgerysCreek,9,7.867226890756303,22.426890756302523,1.1322033898305084,0.2647058823529412,0.01680672268907563,14.559663865546218
57,BadgerysCreek,10,10.509166666666665,24.980991735537188,1.3864978902953584,0.2644628099173554,0.008264462809917356,14.483749999999999
58,BadgerysCreek,11,14.29353448275862,27.735775862068966,2.596506550218341,0.375,0.03879310344827586,13.442241379310344
59,BadgerysCreek,12,15.874619289340103,28.37878787878788,2.2928571428571427,0.34673366834170855,0.04020100502512563,12.447448979591837
60,Ballarat,1,11.923188405797102,26.831159420289854,1.2380952380952381,0.20652173913043478,0.018115942028985508,14.907971014492755
61,Ballarat,2,12.263636363636364,26.331221719457012,1.1787037037037036,0.21266968325791855,0.013574660633484163,14.089090909090908
62,Ballarat,3,10.716906474820144,23.018705035971223,1.3812274368231046,0.28776978417266186,0.014388489208633094,12.30179856115108
63,Ballarat,4,7.86375,18.4325,1.5233333333333334,0.425,0.016666666666666666,10.56875
64,Ballarat,5,5.412544802867383,14.205376344086023,1.4114695340501793,0.5627240143369175,0.010752688172043012,8.792831541218638
65,Ballarat,6,3.5456603773584905,11.228679245283018,1.7456603773584907,0.6415094339622641,0.0037735849056603774,7.683018867924528
66,Ballarat,7,3.4274193548387095,10.45,2.1838709677419357,0.6733870967741935,0.0,7.02258064516129
67,Ballarat,8,3.653225806451613,11.709274193548387,2.232258064516129,0.6290322580645161,0.008064516129032258,8.056048387096775
68,Ballarat,9,4.915189873417722,14.390717299578059,2.6246808510638298,0.5611814345991561,0.02531645569620253,9.475527426160337
69,Ballarat,10,6.241129032258065,17.81619433198381,1.7362903225806452,0.4596774193548387,0.012096774193548387,11.55587044534413
70,Ballarat,11,8.647916666666667,21.259583333333335,1.9408333333333334,0.38333333333333336,0.016666666666666666,12.611666666666668
71,Ballarat,12,9.738709677419354,23.880241935483873,1.167741935483871,0.3387096774193548,0.004032258064516129,14.141532258064515
72,Bendigo,1,14.677978339350181,30.901805054151623,1.2866425992779784,0.1618705035971223,0.02158273381294964,16.203623188405796
73,Bendigo,2,14.957333333333334,30.022222222222222,1.4544642857142858,0.19555555555555557,0.017777777777777778,15.064888888888888
74,Bendigo,3,12.634050179211469,26.387096774193548,1.5240143369175627,0.21863799283154123,0.017921146953405017,13.753046594982079
75,Bendigo,4,9.078333333333335,21.624166666666667,1.5575,0.25416666666666665,0.025,12.545833333333333
76,Bendigo,5,5.593818181818182,16.893818181818183,1.326007326007326,0.4618181818181818,0.0036363636363636364,11.3
77,Bendigo,6,3.617358490566038,13.57622641509434,1.7532075471698114,0.5849056603773585,0.018867924528301886,9.9588679245283
78,Bendigo,7,3.3153225806451614,12.708870967741936,2.1548387096774193,0.6411290322580645,0.012096774193548387,9.393548387096773
79,Bendigo,8,3.581854838709677,14.24274193548387,2.032258064516129,0.5766129032258065,0.004032258064516129,10.660887096774195
80,Bendigo,9,5.012083333333334,17.440833333333334,2.209166666666667,0.4041666666666667,0.03333333333333333,12.42875
81,Bendigo,10,7.27741935483871,21.77741935483871,1.3314516129032257,0.2701612903225806,0.016129032258064516,14.5
82,Bendigo,11,10.799166666666668,25.92625,1.6333333333333333,0.25833333333333336,0.025,15.127083333333333
83,Bendigo,12,12.56008064516129,28.066129032258065,1.2677419354838708,0.2620967741935484,0.012096774193548387,15.506048387096774
84,Brisbane,1,21.688929889298894,30.35750915750916,6.556716417910448,0.39194139194139194,0.09523809523809523,8.67970479704797
85,Brisbane,2,21.60772727272727,30.547511312217196,4.888888888888889,0.45701357466063347,0.05429864253393665,8.929545454545455
86,Brisbane,3,20.475547445255476,29.178388278388276,4.701470588235294,0.5381818181818182,0.07636363636363637,8.694485294117648
87,Brisbane,4,17.48728813559322,27.154661016949152,2.836752136752137,0.3755274261603376,0.0379746835443038,9.660851063829789
88,Brisbane,5,13.978754578754579,24.409926470588236,2.926865671641791,0.32234432234432236,0.018315018315018316,10.423161764705881
89,Brisbane,6,12.074904942965778,21.69239543726236,2.580916030534351,0.33840304182509506,0.03802281368821293,9.617490494296579
90,Brisbane,7,10.743884892086331,21.587410071942447,1.0036231884057971,0.29136690647482016,0.007194244604316547,10.843525179856115
91,Brisbane,8,10.96294964028777,23.25791366906475,1.2765342960288808,0.1906474820143885,0.014388489208633094,12.29496402877698
92,Brisbane,9,13.956133828996283,25.381040892193308,1.319402985074627,0.26765799256505574,0.01486988847583643,11.424907063197027
93,Brisbane,10,15.86173285198556,26.803597122302158,2.4267148014440436,0.2697841726618705,0.04316546762589928,10.937906137184116
94,Brisbane,11,19.268283582089552,28.722014925373134,3.372932330827068,0.3582089552238806,0.04477611940298507,9.453731343283582
95,Brisbane,12,20.442741935483873,29.33508064516129,4.551612903225807,0.47580645161290325,0.07661290322580645,8.89233870967742
96,Cairns,1,24.093906810035843,31.81899641577061,13.814336917562724,0.6630824372759857,0.2007168458781362,7.725089605734768
97,Cairns,2,24.104424778761064,31.601327433628317,16.76991150442478,0.6371681415929203,0.23893805309734514,7.496902654867257
98,Cairns,3,23.733333333333334,31.127956989247313,11.356272401433692,0.6164874551971327,0.15412186379928317,7.394623655913978
99,Cairns,4,22.178902953586498,29.854430379746834,5.90127659574468,0.5358649789029536,0.09282700421940929,7.675527426160337
100,Cairns,5,20.291851851851852,28.022222222222222,3.0636704119850187,0.45185185185185184,0.018518518518518517,7.73037037037037
101,Cairns,6,18.522641509433964,26.77245283018868,1.751698113207547,0.3433962264150943,0.022641509433962263,8.249811320754716
102,Cairns,7,17.915725806451615,26.486693548387095,1.045967741935484,0.3225806451612903,0.008064516129032258,8.570967741935483
103,Cairns,8,17.368825910931175,27.37943548387097,0.7169354838709678,0.23790322580645162,0.004032258064516129,10.015384615384615
104,Cairns,9,19.204888888888892,28.982666666666667,1.0263636363636364,0.24888888888888888,0.008888888888888889,9.777777777777779
105,Cairns,10,20.695454545454545,29.92479338842975,3.4,0.3305785123966942,0.028925619834710745,9.229338842975206
106,Cairns,11,22.451063829787234,30.93617021276596,3.484848484848485,0.4425531914893617,0.05531914893617021,8.485106382978723
107,Cairns,12,23.71068376068376,31.822649572649574,5.842290748898678,0.49572649572649574,0.07692307692307693,8.111965811965812
108,Canberra,1,14.125732899022802,30.080519480519477,1.5941747572815534,0.2064516129032258,0.01935483870967742,15.899019607843139
109,Canberra,2,13.591699604743082,27.725590551181103,2.3122529644268774,0.31496062992125984,0.031496062992125984,14.11897233201581
110,Canberra,3,11.282950819672132,25.261967213114755,1.9735099337748345,0.2754098360655738,0.02622950819672131,13.979016393442624
111,Canberra,4,6.800740740740741,20.605185185185185,1.2472118959107807,0.26666666666666666,0.011111111111111112,13.804444444444444
112,Canberra,5,2.270550161812298,16.688025889967637,0.8272727272727273,0.18122977346278318,0.009708737864077669,14.41747572815534
113,Canberra,6,1.5523972602739726,13.453082191780823,1.6482758620689655,0.3801369863013699,0.02054794520547945,11.900684931506849
114,Canberra,7,0.24352517985611513,12.433093525179856,1.3137184115523466,0.39568345323741005,0.007194244604316547,12.18956834532374
115,Canberra,8,0.9161870503597122,14.06474820143885,1.3653429602888085,0.3129496402877698,0.01079136690647482,13.148561151079138
116,Canberra,9,3.1164794007490637,17.672659176029963,1.9325757575757576,0.27340823970037453,0.0299625468164794,14.5561797752809
117,Canberra,10,5.805035971223021,21.200359712230217,1.4815884476534296,0.2841726618705036,0.01079136690647482,15.395323741007193
118,Canberra,11,10.009364548494984,25.28795986622074,2.3826666666666667,0.3,0.03,15.248993288590603
119,Canberra,12,12.036462093862816,26.89097472924188,2.83768115942029,0.3104693140794224,0.032490974729241874,14.854512635379061
120,Cobar,1,21.561678832116787,35.567153284671534,1.0779411764705882,0.16423357664233576,0.014598540145985401,14.005474452554745
121,Cobar,2,20.69646017699115,33.95221238938053,1.6752212389380532,0.2168141592920354,0.030973451327433628,13.25575221238938
122,Cobar,3,17.611913357400724,30.416187050359714,1.2808664259927798,0.1906474820143885,0.017985611510791366,12.831768953068593
123,Cobar,4,13.32125,25.772916666666667,0.6933333333333334,0.14583333333333334,0.004166666666666667,12.451666666666666
124,Cobar,5,8.91326164874552,20.50716845878136,1.213620071684588,0.21505376344086022,0.010752688172043012,11.593906810035842
125,Cobar,6,6.529056603773585,16.523773584905662,1.6233962264150943,0.2981132075471698,0.018867924528301886,9.994716981132076
126,Cobar,7,5.412601626016261,16.08097165991903,1.011290322580645,0.23387096774193547,0.008064516129032258,10.65691056910569
127,Cobar,8,6.405737704918033,18.674285714285713,0.6622950819672131,0.15510204081632653,0.00816326530612245,12.288934426229508
128,Cobar,9,9.223012552301256,22.703765690376567,0.9672268907563025,0.20502092050209206,0.008368200836820083,13.480753138075315
129,Cobar,10,12.959274193548387,27.488709677419354,0.7911290322580645,0.1693548387096774,0.008064516129032258,14.529435483870968
130,Cobar,11,16.89868995633188,31.109606986899564,1.3274336283185841,0.21397379912663755,0.017467248908296942,14.210917030567686
131,Cobar,12,18.851152073732717,32.680184331797236,1.2193548387096773,0.21658986175115208,0.004608294930875576,13.829032258064517
132,CoffsHarbour,1,19.87935222672065,27.702834008097167,5.945901639344262,0.4251012145748988,0.06072874493927125,7.823481781376518
133,CoffsHarbour,2,19.81504424778761,27.62142857142857,8.152654867256636,0.5752212389380531,0.084070796460177,7.810267857142857
134,CoffsHarbour,3,18.667625899280576,26.50251798561151,6.64136690647482,0.5683453237410072,0.07913669064748201,7.834892086330935
135,CoffsHarbour,4,15.556302521008403,24.54201680672269,5.54468085106383,0.4789915966386555,0.07563025210084033,8.985714285714286
136,CoffsHarbour,5,11.617647058823529,21.967279411764707,4.142435424354244,0.39705882352941174,0.04779411764705882,10.349632352941176
137,CoffsHarbour,6,9.810188679245282,19.666287878787877,7.180377358490566,0.39245283018867927,0.1018867924528302,9.875378787878788
138,CoffsHarbour,7,8.28225806451613,19.38951612903226,1.8758064516129032,0.29838709677419356,0.024193548387096774,11.10725806451613
139,CoffsHarbour,8,8.841935483870968,20.82540322580645,2.6129032258064515,0.2661290322580645,0.03225806451612903,11.983467741935485
140,CoffsHarbour,9,11.44142259414226,23.019747899159665,1.215126050420168,0.28870292887029286,0.012552301255230125,11.576470588235294
141,CoffsHarbour,10,13.934274193548386,24.22217741935484,3.8451612903225807,0.34274193548387094,0.04435483870967742,10.287903225806453
142,CoffsHarbour,11,17.389873417721518,25.95635593220339,7.825641025641026,0.379746835443038,0.10548523206751055,8.564406779661017
143,CoffsHarbour,12,18.51170731707317,26.645145631067958,5.879512195121951,0.4975845410628019,0.09178743961352658,8.134313725490195
144,Dartmoor,1,12.380971659919028,26.719838056680164,1.4040650406504065,0.23481781376518218,0.016194331983805668,14.338866396761134
145,Dartmoor,2,12.71015228426396,26.16040609137056,1.1826530612244897,0.3096446700507614,0.025380710659898477,13.450253807106598
146,Dartmoor,3,11.265682656826568,23.925454545454546,1.408029197080292,0.3709090909090909,0.014545454545454545,12.658302583025831
147,Dartmoor,4,8.950420168067225,20.074583333333333,1.85,0.5583333333333333,0.016666666666666666,11.019747899159663
148,Dartmoor,5,7.466308243727598,16.32831541218638,2.7010752688172044,0.6594982078853047,0.010752688172043012,8.862007168458781
149,Dartmoor,6,5.578867924528303,14.026037735849057,2.959245283018868,0.7132075471698113,0.026415094339622643,8.447169811320755
150,Dartmoor,7,5.472177419354838,13.545564516129033,3.616129032258064,0.7459677419354839,0.024193548387096774,8.073387096774194
151,Dartmoor,8,6.076113360323887,14.6582995951417,3.5235772357723576,0.7408906882591093,0.008097165991902834,8.582186234817815
152,Dartmoor,9,6.86625,16.545833333333334,2.309166666666667,0.6791666666666667,0.0125,9.679583333333333
153,Dartmoor,10,7.616935483870968,19.378225806451614,1.7395161290322583,0.5080645161290323,0.016129032258064516,11.761290322580646
154,Dartmoor,11,9.573333333333332,22.517083333333336,1.2683333333333333,0.44583333333333336,0.008333333333333333,12.94375
155,Dartmoor,12,10.678801843317974,24.776958525345623,1.457142857142857,0.35944700460829493,0.009216589861751152,14.09815668202765
156,Darwin,1,25.183512544802866,31.99964157706093,14.627240143369175,0.7025089605734767,0.26881720430107525,6.816129032258065
157,Darwin,2,25.08805309734513,31.924336283185838,16.73628318584071,0.7079646017699115,0.20353982300884957,6.836283185840708
158,Darwin,3,25.11111111111111,32.53978494623656,8.589247311827958,0.6272401433691757,0.11827956989247312,7.428673835125448
159,Darwin,4,24.421666666666667,33.16833333333333,3.3400000000000003,0.3458333333333333,0.05416666666666667,8.746666666666666
160,Darwin,5,22.594265232974912,32.35448028673835,0.8437275985663083,0.11469534050179211,0.021505376344086023,9.76021505376344
161,Darwin,6,19.950757575757574,31.201893939393937,0.003787878787878788,0.011363636363636364,0.0,11.251136363636364
162,Darwin,7,19.43548387096774,31.38853046594982,0.0007168458781362007,0.0035842293906810036,0.0,11.953046594982078
163,Darwin,8,19.39641577060932,32.10752688172043,0.010035842293906812,0.007168458781362007,0.0,12.711111111111112
164,Darwin,9,22.95148148148148,33.36333333333334,0.6385185185185185,0.08888888888888889,0.007407407407407408,10.411851851851852
165,Darwin,10,24.441935483870967,34.00322580645161,2.6982078853046594,0.2974910394265233,0.035842293906810034,9.561290322580644
166,Darwin,11,25.256666666666668,33.70333333333333,5.168888888888889,0.45185185185185184,0.08148148148148149,8.446666666666667
167,Darwin,12,25.348582995951418,32.71975806451613,10.639516129032257,0.6653225806451613,0.1693548387096774,7.380161943319838
168,GoldCoast,1,21.978438661710037,29.315241635687734,5.582307692307693,0.44981412639405205,0.07806691449814127,7.3368029739776945
169,GoldCoast,2,21.990825688073393,29.40183486238532,5.504761904761905,0.5321100917431193,0.0779816513761468,7.411009174311927
170,GoldCoast,3,21.226296296296297,28.462962962962962,5.696969696969697,0.5481481481481482,0.06666666666666667,7.236666666666667
171,GoldCoast,4,18.268776371308014,26.70632911392405,6.172765957446809,0.3670886075949367,0.08016877637130802,8.437552742616035
172,GoldCoast,5,15.23890909090909,23.88472727272727,3.2859259259259255,0.34545454545454546,0.03636363636363636,8.645818181818182
173,GoldCoast,6,13.248461538461537,21.53230769230769,4.007058823529412,0.3384615384615385,0.046153846153846156,8.283846153846154
174,GoldCoast,7,12.174999999999999,21.327868852459016,1.72,0.29918032786885246,0.03278688524590164,9.152868852459017
175,GoldCoast,8,12.582040816326531,22.68032786885246,2.006611570247934,0.19591836734693877,0.036734693877551024,10.080737704918032
176,GoldCoast,9,14.864830508474576,24.422033898305088,1.375,0.3093220338983051,0.012711864406779662,9.557203389830509
177,GoldCoast,10,16.606995884773664,25.72962962962963,2.4728033472803346,0.2674897119341564,0.037037037037037035,9.122633744855968
178,GoldCoast,11,19.52278481012658,27.50970464135021,1.727038626609442,0.3670886075949367,0.008438818565400843,7.986919831223629
179,GoldCoast,12,20.547755102040817,28.32479674796748,5.00655737704918,0.46747967479674796,0.06910569105691057,7.768979591836735
180,Hobart,1,13.226618705035971,23.154316546762587,1.4064981949458482,0.3381294964028777,0.01079136690647482,9.92769784172662
181,Hobart,2,12.947345132743363,22.463716814159294,1.1168141592920353,0.3274336283185841,0.008849557522123894,9.516371681415928
182,Hobart,3,12.213669064748201,21.408992805755396,1.2772563176895306,0.37410071942446044,0.014388489208633094,9.195323741007195
183,Hobart,4,9.841666666666667,18.626666666666665,0.875,0.35833333333333334,0.004166666666666667,8.785
184,Hobart,5,7.510035842293908,15.322222222222221,1.6107526881720429,0.4946236559139785,0.014336917562724014,7.812186379928315
185,Hobart,6,5.768301886792453,13.148484848484848,1.8430188679245283,0.4339622641509434,0.018867924528301886,7.384469696969697
186,Hobart,7,5.123104693140794,12.828158844765344,1.68,0.49097472924187724,0.01444043321299639,7.705054151624549
187,Hobart,8,5.692831541218638,13.953763440860214,1.9670250896057346,0.5268817204301075,0.010752688172043012,8.260931899641578
188,Hobart,9,7.4,16.281851851851854,2.0192592592592593,0.5444444444444444,0.018518518518518517,8.881851851851852
189,Hobart,10,8.310071942446042,17.91187050359712,1.7133574007220218,0.4748201438848921,0.0035971223021582736,9.60179856115108
190,Hobart,11,10.267777777777779,19.283333333333335,2.048888888888889,0.5037037037037037,0.011111111111111112,9.015555555555554
191,Hobart,12,11.580645161290322,21.091129032258067,1.528225806451613,0.41935483870967744,0.016129032258064516,9.510483870967741
192,Katherine,1,24.572131147540986,34.69508196721311,9.940983606557376,0.6311475409836066,0.18032786885245902,10.12295081967213
193,Katherine,2,23.955140186915887,35.1302752293578,7.662385321100917,0.5045045045045045,0.11711711711711711,11.173333333333334
194,Katherine,3,23.755172413793105,35.86891891891892,7.07248322147651,0.3684210526315789,0.1118421052631579,12.119148936170212
195,Katherine,4,20.921917808219177,35.13445945945946,1.14,0.08,0.006666666666666667,14.243749999999999
196,Katherine,5,18.423287671232877,33.73020134228188,0.34064516129032263,0.03225806451612903,0.0064516129032258064,15.299290780141842
197,Katherine,6,15.450704225352112,31.563636363636366,0.0006993006993006993,0.006993006993006993,0.0,16.1056338028169
198,Katherine,7,13.597520661157024,31.222764227642276,0.042622950819672135,0.016260162601626018,0.0,17.62066115702479
199,Katherine,8,13.866935483870968,33.00806451612903,0.0,0.0,0.0,19.141129032258064
200,Katherine,9,19.919327731092437,36.536134453781514,0.48333333333333334,0.05,0.008333333333333333,16.579661016949153
201,Katherine,10,23.539669421487606,38.481818181818184,0.16774193548387098,0.056451612903225805,0.0,14.938983050847456
202,Katherine,11,25.326785714285712,38.77217391304348,3.118103448275862,0.3135593220338983,0.0423728813559322,13.427272727272728
203,Katherine,12,24.96818181818182,36.164655172413795,9.667567567567566,0.5384615384615384,0.13675213675213677,11.21651376146789
204,Launceston,1,12.834050179211468,25.20035842293907,1.381720430107527,0.16487455197132617,0.014336917562724014,12.366308243727598
205,Launceston,2,13.093805309734513,24.93230088495575,1.045132743362832,0.22123893805309736,0.008849557522123894,11.83849557522124
206,Launceston,3,11.34855072463768,23.13840579710145,1.8300366300366302,0.2318840579710145,0.028985507246376812,11.789855072463768
207,Launceston,4,7.772916666666666,19.374895397489542,1.6416666666666666,0.31666666666666665,0.0125,11.59581589958159
208,Launceston,5,4.936200716845878,15.848028673835127,2.200358422939068,0.43727598566308246,0.014336917562724014,10.911827956989248
209,Launceston,6,3.2811538461538463,13.463461538461539,2.5311538461538463,0.45977011494252873,0.03065134099616858,10.162162162162161
210,Launceston,7,2.944308943089431,13.049186991869918,2.90327868852459,0.532520325203252,0.032520325203252036,10.104878048780488
211,Launceston,8,4.0625,14.025403225806452,3.2471774193548386,0.5685483870967742,0.020161290322580645,9.962903225806452
212,Launceston,9,5.750840336134454,16.409205020920503,2.197478991596639,0.45188284518828453,0.008368200836820083,10.670588235294117
213,Launceston,10,7.010526315789473,18.355465587044534,1.4201612903225806,0.31048387096774194,0.012096774193548387,11.321544715447153
214,Launceston,11,9.854583333333332,20.882916666666667,2.1945833333333336,0.35833333333333334,0.020833333333333332,11.028333333333334
215,Launceston,12,11.10650406504065,22.691869918699187,1.526530612244898,0.3130081300813008,0.0040650406504065045,11.585365853658537
216,Melbourne,1,16.493658536585365,27.653170731707316,1.013131313131313,0.2048780487804878,0.014634146341463415,11.15951219512195
217,Melbourne,2,16.486577181208055,27.168456375838925,2.185611510791367,0.2214765100671141,0.026845637583892617,10.681879194630872
218,Melbourne,3,15.5745,25.6265,1.4312500000000001,0.31,0.015,10.052
219,Melbourne,4,12.671698113207547,21.40691823899371,2.1297297297297297,0.36875,0.01875,8.735220125786164
220,Melbourne,5,10.051339285714286,17.84330357142857,1.4826291079812206,0.38392857142857145,0.008928571428571428,7.791964285714286
221,Melbourne,6,7.685294117647058,15.119607843137254,1.8031746031746032,0.4166666666666667,0.004901960784313725,7.434313725490195
222,Melbourne,7,7.764840182648402,14.859817351598174,1.6275862068965516,0.4155251141552511,0.0091324200913242,7.094977168949772
223,Melbourne,8,8.385388127853881,16.007762557077626,1.6809756097560977,0.4840182648401826,0.0,7.622374429223744
224,Melbourne,9,10.059999999999999,18.62818181818182,2.029383886255924,0.45,0.01818181818181818,8.568181818181818
225,Melbourne,10,10.921076233183857,20.783408071748877,1.9342857142857142,0.39461883408071746,0.013452914798206279,9.862331838565023
226,Melbourne,11,13.34952380952381,23.47047619047619,2.8855670103092783,0.41904761904761906,0.02857142857142857,10.120952380952382
227,Melbourne,12,14.439108910891088,24.874257425742577,2.056122448979592,0.3217821782178218,0.034653465346534656,10.435148514851486
228,MelbourneAirport,1,14.454121863799282,27.54910394265233,0.9132616487455196,0.21863799283154123,0.010752688172043012,13.094982078853047
229,MelbourneAirport,2,14.550442477876107,27.157522123893806,1.3327433628318583,0.24336283185840707,0.022123893805309734,12.607079646017699
230,MelbourneAirport,3,13.418996415770609,24.882437275985662,1.3154121863799284,0.30824372759856633,0.007168458781362007,11.463440860215055
231,MelbourneAirport,4,10.711666666666668,20.824166666666667,1.4433333333333336,0.3958333333333333,0.0125,10.1125
232,MelbourneAirport,5,8.208602150537633,16.989964157706094,0.9878136200716847,0.4336917562724014,0.0035842293906810036,8.78136200716846
233,MelbourneAirport,6,6.190566037735849,14.062641509433963,1.5735849056603775,0.4339622641509434,0.007547169811320755,7.872075471698113
234,MelbourneAirport,7,5.998387096774193,13.637096774193548,1.1758064516129034,0.4435483870967742,0.008064516129032258,7.638709677419355
235,MelbourneAirport,8,6.401209677419355,14.846370967741937,1.1516129032258065,0.5080645161290323,0.0,8.44516129032258
236,MelbourneAirport,9,7.554166666666666,17.465416666666666,1.8483333333333332,0.45416666666666666,0.0125,9.911249999999999
237,MelbourneAirport,10,8.739112903225807,20.486693548387095,1.7024193548387097,0.4112903225806452,0.016129032258064516,11.74758064516129
238,MelbourneAirport,11,11.15375,23.169583333333332,2.4266666666666667,0.35833333333333334,0.03333333333333333,12.015833333333335
239,MelbourneAirport,12,12.501382488479264,25.494930875576035,1.75852534562212,0.30414746543778803,0.02304147465437788,12.993548387096773
240,Mildura,1,17.62589928057554,33.8568345323741,1.1104693140794222,0.12589928057553956,0.017985611510791366,16.23093525179856
241,Mildura,2,17.27433628318584,33.04469026548673,1.4256637168141593,0.08849557522123894,0.017699115044247787,15.770353982300884
242,Mildura,3,14.558064516129031,29.20573476702509,1.0336917562724013,0.12903225806451613,0.014336917562724014,14.647670250896057
243,Mildura,4,10.628333333333334,24.291666666666668,1.035,0.15833333333333333,0.0125,13.663333333333332
244,Mildura,5,7.5397849462365585,19.66379928315412,0.7254480286738352,0.2078853046594982,0.0035842293906810036,12.124014336917563
245,Mildura,6,5.071698113207547,16.337735849056603,0.6150943396226415,0.28679245283018867,0.0,11.266037735849057
246,Mildura,7,4.381451612903225,15.991129032258065,0.6262096774193548,0.3185483870967742,0.0,11.609677419354838
247,Mildura,8,5.534412955465587,18.220647773279353,0.5861788617886179,0.2874493927125506,0.0,12.686234817813766
248,Mildura,9,7.452916666666667,21.707916666666666,1.0425,0.22083333333333333,0.008333333333333333,14.254999999999999
249,Mildura,10,10.195564516129032,25.93266129032258,0.7173387096774194,0.16129032258064516,0.004032258064516129,15.73709677419355
250,Mildura,11,13.570416666666667,29.465,1.2066666666666668,0.1875,0.016666666666666666,15.894583333333333
251,Mildura,12,15.6,31.543778801843317,1.3391705069124424,0.14285714285714285,0.018433179723502304,15.943778801843319
252,Moree,1,20.60610687022901,34.40151515151515,2.684375,0.24621212121212122,0.041666666666666664,13.811068702290076
253,Moree,2,20.2696261682243,33.970093457943925,2.5476190476190474,0.21962616822429906,0.03271028037383177,13.700467289719626
254,Moree,3,17.872549019607842,31.085882352941177,1.7611336032388665,0.19607843137254902,0.0196078431372549,13.213333333333333
255,Moree,4,13.144493392070485,27.173127753303966,0.9112107623318385,0.14096916299559473,0.013215859030837005,14.02863436123348
256,Moree,5,8.519847328244275,22.71412213740458,1.15234375,0.16030534351145037,0.011450381679389313,14.194274809160305
257,Moree,6,6.349011857707509,18.877865612648222,1.1878542510121457,0.23715415019762845,0.015810276679841896,12.528853754940712
258,Moree,7,4.954237288135594,18.204661016949153,1.1870129870129869,0.19491525423728814,0.01694915254237288,13.250423728813558
259,Moree,8,5.302966101694915,20.353389830508473,0.8432900432900433,0.16101694915254236,0.012711864406779662,15.05042372881356
260,Moree,9,8.898744769874478,24.089958158995817,1.4663865546218486,0.17573221757322174,0.029288702928870293,15.191213389121339
261,Moree,10,12.463445378151262,27.98739495798319,1.202553191489362,0.18067226890756302,0.01680672268907563,15.523949579831932
262,Moree,11,17.406222222222222,32.330222222222226,2.313364055299539,0.19555555555555557,0.03111111111111111,14.924000000000001
263,Moree,12,19.121463414634146,33.017560975609754,2.117,0.2926829268292683,0.024390243902439025,13.896097560975608
264,MountGambier,1,12.134767025089605,26.57913669064748,1.082437275985663,0.23297491039426524,0.014336917562724014,14.426978417266186
265,MountGambier,2,12.44,26.394222222222222,0.9633928571428572,0.2311111111111111,0.013333333333333334,13.95422222222222
266,MountGambier,3,11.424820143884892,23.947122302158274,1.3653429602888085,0.41007194244604317,0.007194244604316547,12.52230215827338
267,MountGambier,4,9.376987447698744,20.190376569037657,1.784873949579832,0.5648535564853556,0.008368200836820083,10.813389121338913
268,MountGambier,5,7.9981884057971016,16.416245487364623,2.560144927536232,0.6931407942238267,0.010830324909747292,8.416666666666666
269,MountGambier,6,5.997338403041825,14.072623574144487,2.980916030534351,0.7224334600760456,0.026615969581749048,8.075285171102662
270,MountGambier,7,5.755645161290323,13.561693548387098,3.6370967741935485,0.7741935483870968,0.028225806451612902,7.806048387096775
271,MountGambier,8,6.174898785425102,14.666396761133603,3.5317073170731708,0.7611336032388664,0.016194331983805668,8.491497975708503
272,MountGambier,9,6.949372384937239,16.489539748953973,2.3596638655462185,0.6652719665271967,0.008368200836820083,9.540167364016735
273,MountGambier,10,7.644354838709678,19.217338709677417,1.7274193548387096,0.46774193548387094,0.016129032258064516,11.572983870967741
274,MountGambier,11,9.372083333333334,22.311666666666667,1.3708333333333333,0.4041666666666667,0.0125,12.939583333333333
275,MountGambier,12,10.498785425101214,24.10080971659919,1.6658536585365855,0.3603238866396761,0.008097165991902834,13.602024291497974
276,MountGinini,1,9.781549815498156,20.54448529411765,2.6842105263157894,0.3786764705882353,0.04779411764705882,10.75719557195572
277,MountGinini,2,9.21324200913242,19.076363636363638,3.608294930875576,0.42727272727272725,0.06363636363636363,9.878995433789955
278,MountGinini,3,7.306439393939394,16.040754716981134,3.291828793774319,0.4679245283018868,0.033962264150943396,8.73901515151515
279,MountGinini,4,3.958064516129032,11.49730941704036,2.7644859813084115,0.4304932735426009,0.04035874439461883,7.4880184331797235
280,MountGinini,5,0.9911439114391145,7.440441176470588,2.171641791044776,0.36764705882352944,0.03308823529411765,6.467896678966789
281,MountGinini,6,-0.8046413502109704,4.281481481481482,3.550660792951542,0.43209876543209874,0.037037037037037035,5.124894514767932
282,MountGinini,7,-2.253211009174312,2.5035398230088495,3.9858490566037736,0.5575221238938053,0.05752212389380531,4.7889908256880735
283,MountGinini,8,-2.0127753303964755,4.079220779220779,2.996330275229358,0.45689655172413796,0.03879310344827586,6.073893805309734
284,MountGinini,9,0.37873303167420813,8.68859649122807,3.603669724770642,0.3991228070175439,0.05263157894736842,8.30814479638009
285,MountGinini,10,2.741810344827586,12.416317991631798,2.9141700404858297,0.39919354838709675,0.036290322580645164,9.550218340611353
286,MountGinini,11,6.010526315789474,15.951965065502183,4.078602620087336,0.38197424892703863,0.06437768240343347,9.867555555555555
287,MountGinini,12,7.059591836734693,17.551836734693875,3.6148148148148147,0.4530612244897959,0.061224489795918366,10.492244897959184
288,Newcastle,1,19.496525096525097,29.56477272727273,3.8225806451612905,0.36200716845878134,0.06093189964157706,10.109274193548387
289,Newcastle,2,19.574111675126904,28.768599033816425,4.041935483870967,0.4009216589861751,0.06451612903225806,9.076063829787234
290,Newcastle,3,17.81081081081081,27.301293103448273,3.6534412955465587,0.37549407114624506,0.04743083003952569,9.563333333333333
291,Newcastle,4,14.287830687830688,24.373979591836736,5.048387096774194,0.39090909090909093,0.06363636363636363,10.11111111111111
292,Newcastle,5,10.734177215189874,21.318217054263567,2.7121771217712176,0.4227941176470588,0.03308823529411765,10.536244541484717
293,Newcastle,6,9.223144104803493,18.31796875,4.807575757575758,0.5606060606060606,0.09090909090909091,9.152914798206277
294,Newcastle,7,7.79683257918552,17.916521739130435,2.3132231404958676,0.4444444444444444,0.024691358024691357,9.941626794258374
295,Newcastle,8,8.040772532188841,19.894214876033057,1.6387096774193548,0.3548387096774194,0.016129032258064516,11.887224669603524
296,Newcastle,9,10.77345971563981,22.770319634703196,1.8219827586206896,0.31196581196581197,0.017094017094017096,11.8275
297,Newcastle,10,13.083098591549295,24.982648401826484,1.8805084745762712,0.25630252100840334,0.02100840336134454,11.987864077669903
298,Newcastle,11,16.335371179039303,26.96,3.9059322033898303,0.33613445378151263,0.058823529411764705,10.684140969162996
299,Newcastle,12,17.72576419213974,27.700843881856542,2.2291666666666665,0.3073770491803279,0.040983606557377046,10.022522522522523
300,Nhil,1,14.341935483870968,31.28467741935484,1.1032258064516127,0.1774193548387097,0.024193548387096774,16.942741935483873
301,Nhil,2,13.71875,30.854464285714283,0.47387387387387386,0.10714285714285714,0.0,17.135714285714286
302,Nhil,3,12.606711409395974,27.736912751677853,0.4243243243243243,0.2080536912751678,0.0,15.13020134228188
303,Nhil,4,9.387333333333332,22.211333333333332,0.8360000000000001,0.23333333333333334,0.006666666666666667,12.824
304,Nhil,5,7.804516129032258,17.930967741935486,1.2787096774193547,0.432258064516129,0.0,10.126451612903224
305,Nhil,6,5.021379310344828,14.473103448275861,1.6,0.5379310344827586,0.006896551724137931,9.451724137931034
306,Nhil,7,4.77258064516129,13.598387096774195,1.3919354838709677,0.6612903225806451,0.0,8.825806451612904
307,Nhil,8,4.662903225806452,15.47741935483871,0.8629032258064516,0.5080645161290323,0.0,10.814516129032258
308,Nhil,9,6.314166666666667,18.546666666666667,1.4616666666666667,0.4583333333333333,0.008333333333333333,12.2325
309,Nhil,10,7.786178861788618,23.515447154471545,0.7819672131147541,0.2682926829268293,0.0,15.729268292682928
310,Nhil,11,9.500833333333333,25.71333333333333,0.35666666666666663,0.125,0.0,16.2125
311,Nhil,12,12.560975609756097,29.729268292682924,0.48360655737704916,0.17886178861788618,0.0,17.16829268292683
312,NorahHead,1,20.07126865671642,26.906691449814126,3.337878787878788,0.40148698884758366,0.04460966542750929,6.838432835820896
313,NorahHead,2,20.27857142857143,26.678124999999998,3.518918918918919,0.45089285714285715,0.05357142857142857,6.399553571428571
314,NorahHead,3,19.174007220216605,25.607581227436825,4.271272727272727,0.45126353790613716,0.05776173285198556,6.4335740072202166
315,NorahHead,4,16.32857142857143,23.186974789915965,4.165254237288136,0.48739495798319327,0.058823529411764705,6.858403361344537
316,NorahHead,5,13.104332129963899,20.54548736462094,3.7025454545454544,0.4187725631768953,0.07220216606498195,7.441155234657039
317,NorahHead,6,11.463320463320464,18.108461538461537,5.854117647058823,0.5038461538461538,0.08846153846153847,6.6579150579150586
318,NorahHead,7,9.920325203252032,17.513414634146343,2.922950819672131,0.4268292682926829,0.04065040650406504,7.5930894308943095
319,NorahHead,8,10.614601769911506,18.996916299559473,2.026666666666667,0.28879310344827586,0.03017241379310345,8.388053097345132
320,NorahHead,9,12.91883408071749,21.41473214285714,1.9862385321100917,0.33482142857142855,0.022321428571428572,8.459641255605382
321,NorahHead,10,14.87563025210084,23.088284518828452,1.9341772151898733,0.3514644351464435,0.016736401673640166,8.207563025210085
322,NorahHead,11,17.302966101694917,24.44872881355932,3.708154506437768,0.3813559322033898,0.05508474576271186,7.145762711864407
323,NorahHead,12,18.445893719806765,25.00048309178744,2.514705882352941,0.4251207729468599,0.03864734299516908,6.5545893719806765
324,NorfolkIsland,1,19.623161764705884,24.741911764705883,2.226119402985075,0.3602941176470588,0.03676470588235294,5.1187499999999995
325,NorfolkIsland,2,20.61090909090909,25.40590909090909,4.189861751152074,0.4909090909090909,0.05,4.795000000000001
326,NorfolkIsland,3,19.54925373134328,24.648507462686567,3.3290076335877865,0.5074626865671642,0.022388059701492536,5.099253731343283
327,NorfolkIsland,4,18.465,23.459999999999997,2.71,0.5708333333333333,0.0375,4.995
328,NorfolkIsland,5,16.51906474820144,21.205755395683454,3.0140794223826712,0.6834532374100719,0.039568345323741004,4.686690647482015
329,NorfolkIsland,6,15.247169811320754,19.534716981132075,4.265660377358491,0.6679245283018868,0.07924528301886792,4.287547169811321
330,NorfolkIsland,7,13.951209677419355,18.564112903225805,3.545967741935484,0.7016129032258065,0.04435483870967742,4.612903225806452
331,NorfolkIsland,8,13.831451612903225,18.746774193548386,4.003225806451613,0.625,0.06451612903225806,4.915322580645161
332,NorfolkIsland,9,14.600416666666666,19.455,2.9012499999999997,0.5458333333333333,0.025,4.854583333333333
333,NorfolkIsland,10,15.206882591093118,20.371370967741935,1.4822580645161292,0.34274193548387094,0.012096774193548387,5.176113360323886
334,NorfolkIsland,11,16.311587982832616,21.86824034334764,2.2270742358078603,0.38197424892703863,0.017167381974248927,5.556652360515022
335,NorfolkIsland,12,18.482352941176472,24.00392156862745,3.946534653465347,0.3382352941176471,0.049019607843137254,5.521568627450979
336,Nuriootpa,1,14.586379928315411,30.473118279569892,0.5154121863799284,0.12544802867383512,0.0035842293906810036,15.886738351254479
337,Nuriootpa,2,14.758666666666667,29.48,1.220353982300885,0.16371681415929204,0.02654867256637168,14.711160714285715
338,Nuriootpa,3,12.666187050359712,26.115107913669064,1.0476702508960574,0.21863799283154123,0.010752688172043012,13.44693140794224
339,Nuriootpa,4,9.613333333333333,21.878333333333334,1.4470833333333333,0.325,0.008333333333333333,12.264999999999999
340,Nuriootpa,5,7.2604316546762595,17.446043165467625,1.4415162454873647,0.4352517985611511,0.007194244604316547,10.185611510791366
341,Nuriootpa,6,4.987022900763359,14.116412213740459,1.8090909090909089,0.5340909090909091,0.007575757575757576,9.154615384615385
342,Nuriootpa,7,5.0680327868852455,13.348163265306123,2.060245901639344,0.5894308943089431,0.0040650406504065045,8.2880658436214
343,Nuriootpa,8,5.180487804878049,14.833603238866397,1.8193548387096774,0.5685483870967742,0.004032258064516129,9.663673469387755
344,Nuriootpa,9,6.526271186440678,17.744725738396625,2.1944915254237287,0.47478991596638653,0.029411764705882353,11.240425531914894
345,Nuriootpa,10,8.366129032258065,22.026612903225807,0.8786290322580645,0.3064516129032258,0.0,13.660483870967743
346,Nuriootpa,11,10.922916666666667,26.008333333333333,0.8754166666666666,0.22916666666666666,0.004166666666666667,15.085416666666667
347,Nuriootpa,12,12.668837209302326,27.762962962962963,1.407906976744186,0.24074074074074073,0.009259259259259259,15.125116279069768
348,PearceRAAF,1,17.896138996138998,34.52585551330798,0.367816091954023,0.06766917293233082,0.007518796992481203,16.58828125
349,PearceRAAF,2,18.15837104072398,33.76846846846847,0.7254545454545455,0.07657657657657657,0.013513513513513514,15.650678733031675
350,PearceRAAF,3,16.29154411764706,31.122426470588234,0.9427509293680297,0.11764705882352941,0.014705882352941176,14.830882352941176
351,PearceRAAF,4,13.520704845814977,27.485840707964602,1.0940639269406391,0.18502202643171806,0.013215859030837005,13.961946902654867
352,PearceRAAF,5,9.773469387755101,22.722857142857144,2.2047008547008544,0.30522088353413657,0.024096385542168676,12.930452674897118
353,PearceRAAF,6,8.721810699588477,19.72603305785124,2.56137339055794,0.3401639344262295,0.03278688524590164,11.016182572614108
354,PearceRAAF,7,7.074766355140187,18.195327102803738,3.8246231155778894,0.44907407407407407,0.032407407407407406,11.146478873239436
355,PearceRAAF,8,8.394570135746607,19.403603603603607,3.4861904761904765,0.4594594594594595,0.018018018018018018,11.001357466063348
356,PearceRAAF,9,8.656930693069308,20.745049504950494,2.8060109289617485,0.3811881188118812,0.01485148514851485,12.08811881188119
357,PearceRAAF,10,10.668036529680366,25.16090909090909,0.8889423076923078,0.25675675675675674,0.0045045045045045045,14.41788990825688
358,PearceRAAF,11,12.930837004405287,29.00657894736842,0.7150442477876106,0.13478260869565217,0.0,16.03920704845815
359,PearceRAAF,12,15.192105263157895,31.603684210526314,0.5967391304347825,0.08421052631578947,0.005263157894736842,16.41157894736842
360,Penrith,1,18.88754716981132,31.415730337078653,3.3685823754789275,0.40074906367041196,0.052434456928838954,12.542264150943396
361,Penrith,2,18.860550458715597,29.733333333333334,4.109345794392524,0.4246575342465753,0.0593607305936073,10.873394495412844
362,Penrith,3,17.077205882352942,27.69816176470588,2.728571428571428,0.3786764705882353,0.04044117647058824,10.620955882352941
363,Penrith,4,13.507234042553192,24.308936170212768,2.524675324675325,0.39574468085106385,0.03404255319148936,10.801702127659574
364,Penrith,5,9.008363636363637,21.264363636363637,0.9169117647058824,0.3236363636363636,0.007272727272727273,12.256
365,Penrith,6,7.491320754716981,17.917358490566038,2.393181818181818,0.539622641509434,0.033962264150943396,10.426037735849057
366,Penrith,7,5.563223140495867,17.85267489711934,0.792468619246862,0.41975308641975306,0.00411522633744856,12.277685950413222
367,Penrith,8,6.218032786885246,19.959183673469386,1.0603305785123969,0.27346938775510204,0.012244897959183673,13.722540983606558
368,Penrith,9,9.433333333333334,23.432188841201715,0.9946902654867257,0.2703862660944206,0.004291845493562232,14.009090909090908
369,Penrith,10,12.064166666666667,25.995020746887967,1.1680672268907564,0.2987551867219917,0.004149377593360996,13.942499999999999
370,Penrith,11,15.726068376068376,28.598297872340428,3.0870689655172416,0.40425531914893614,0.05531914893617021,12.896153846153846
371,Penrith,12,17.201716738197426,29.446153846153845,2.661946902654867,0.3803418803418803,0.042735042735042736,12.290557939914162
372,Perth,1,18.870967741935484,32.43189964157706,0.48673835125448034,0.11469534050179211,0.0035842293906810036,13.560931899641577
373,Perth,2,18.74867256637168,32.06725663716814,0.8566371681415929,0.08849557522123894,0.008849557522123894,13.31858407079646
374,Perth,3,16.968458781362006,29.757347670250894,0.646594982078853,0.14695340501792115,0.010752688172043012,12.788888888888888
375,Perth,4,14.230833333333333,26.420833333333334,1.1125,0.21666666666666667,0.008333333333333333,12.19
376,Perth,5,10.302508960573476,22.25448028673835,2.960573476702509,0.32616487455197135,0.043010752688172046,11.951971326164875
377,Perth,6,8.755471698113206,19.727169811320753,3.6045283018867926,0.4188679245283019,0.045283018867924525,10.971698113207546
378,Perth,7,7.387455197132616,18.370609318996415,4.300358422939068,0.5161290322580645,0.053763440860215055,10.9831541218638
379,Perth,8,8.546594982078853,19.67383512544803,3.278853046594982,0.4767025089605735,0.02867383512544803,11.127240143369175
380,Perth,9,9.658888888888889,20.6635687732342,2.7466666666666666,0.4740740740740741,0.011111111111111112,10.998884758364312
381,Perth,10,12.14910394265233,24.279211469534047,0.9985663082437277,0.26881720430107525,0.010752688172043012,12.130107526881721
382,Perth,11,14.446666666666667,26.986296296296295,0.9762962962962963,0.18888888888888888,0.007407407407407408,12.539629629629628
383,Perth,12,16.419758064516127,29.44516129032258,0.5258064516129033,0.08870967741935484,0.008064516129032258,13.025403225806452
384,PerthAirport,1,18.370967741935484,33.253405017921146,0.556989247311828,0.0967741935483871,0.007168458781362007,14.882437275985662
385,PerthAirport,2,18.255752212389382,32.695132743362834,0.636283185840708,0.084070796460177,0.004424778761061947,14.439380530973452
386,PerthAirport,3,16.35878136200717,30.249820788530467,0.6344086021505376,0.12186379928315412,0.010752688172043012,13.891039426523298
387,PerthAirport,4,13.730416666666667,26.745,0.9466666666666667,0.17916666666666667,0.008333333333333333,13.014583333333333
388,PerthAirport,5,10.217562724014336,22.363799283154123,2.517562724014337,0.32974910394265233,0.021505376344086023,12.146236559139785
389,PerthAirport,6,8.84943396226415,19.770566037735847,3.0581132075471698,0.3849056603773585,0.04150943396226415,10.921132075471698
390,PerthAirport,7,7.39233870967742,18.41048387096774,3.6838709677419357,0.4314516129032258,0.04435483870967742,11.018145161290322
391,PerthAirport,8,8.566532258064516,19.674999999999997,3.761290322580645,0.4838709677419355,0.04838709677419355,11.108467741935485
392,PerthAirport,9,9.020833333333334,20.770416666666666,2.8266666666666667,0.42916666666666664,0.016666666666666666,11.749583333333334
393,PerthAirport,10,11.118145161290323,24.573387096774194,0.9274193548387096,0.27419354838709675,0.008064516129032258,13.45524193548387
394,PerthAirport,11,13.600833333333332,27.87458333333333,0.9141666666666667,0.17083333333333334,0.008333333333333333,14.27375
395,PerthAirport,12,15.684331797235023,30.466820276497696,0.5087557603686637,0.08294930875576037,0.009216589861751152,14.782488479262673
396,Portland,1,12.464855072463768,22.87410071942446,1.3978339350180504,0.3489208633093525,0.01079136690647482,10.41123188405797
397,Portland,2,13.266964285714286,22.78392857142857,1.1963963963963964,0.3392857142857143,0.017857142857142856,9.516964285714286
398,Portland,3,12.105434782608695,21.503985507246377,1.7435897435897436,0.5217391304347826,0.007246376811594203,9.398550724637682
399,Portland,4,10.124050632911393,18.786610878661087,2.2633333333333336,0.6875,0.0125,8.625847457627119
400,Portland,5,8.608303249097473,15.941218637992833,3.12831541218638,0.7455197132616488,0.021505376344086023,7.3440433212996385
401,Portland,6,6.82851711026616,13.86188679245283,3.913207547169811,0.7773584905660378,0.03773584905660377,7.038403041825095
402,Portland,7,6.741129032258065,13.245161290322581,4.304032258064517,0.8508064516129032,0.020161290322580645,6.504032258064516
403,Portland,8,7.164777327935223,14.16923076923077,4.019512195121951,0.7894736842105263,0.016194331983805668,7.004453441295547
404,Portland,9,7.708403361344537,15.723109243697479,2.889830508474576,0.7100840336134454,0.012605042016806723,8.014705882352942
405,Portland,10,8.590650406504066,17.570731707317073,2.013061224489796,0.573170731707317,0.016260162601626018,8.980081300813008
406,Portland,11,10.442499999999999,19.483333333333334,1.6483333333333334,0.5041666666666667,0.0125,9.040833333333333
407,Portland,12,11.178604651162791,21.129302325581396,1.6140845070422536,0.4232558139534884,0.004651162790697674,9.950697674418604
408,Richmond,1,18.05802919708029,30.75434782608696,3.090909090909091,0.44404332129963897,0.04693140794223827,12.673357664233576
409,Richmond,2,18.205454545454543,29.489090909090912,3.7009345794392523,0.42272727272727273,0.05454545454545454,11.283636363636363
410,Richmond,3,16.26896551724138,27.447709923664124,3.458964143426295,0.40076335877862596,0.05725190839694656,11.178927203065133
411,Richmond,4,12.323728813559322,24.2385593220339,3.125,0.3898305084745763,0.03389830508474576,11.914830508474576
412,Richmond,5,7.112635379061372,21.04296028880866,1.0818840579710145,0.30324909747292417,0.01444043321299639,13.930324909747291
413,Richmond,6,6.038910505836576,17.975581395348836,2.5348659003831417,0.3726235741444867,0.026615969581749048,11.946692607003891
414,Richmond,7,4.1020408163265305,17.82734693877551,0.78099173553719,0.3224489795918367,0.00816326530612245,13.725306122448979
415,Richmond,8,4.576050420168067,19.83833333333333,1.0598290598290598,0.21666666666666667,0.0125,15.239915966386555
416,Richmond,9,7.986440677966102,23.018644067796608,1.12274678111588,0.2457627118644068,0.00847457627118644,15.032203389830508
417,Richmond,10,10.962499999999999,25.38790322580645,0.9246963562753037,0.2862903225806452,0.004032258064516129,14.425403225806452
418,Richmond,11,14.988888888888889,28.443589743589744,2.3310344827586205,0.3803418803418803,0.03418803418803419,13.454700854700855
419,Richmond,12,16.48450704225352,28.814084507042253,2.8334928229665075,0.38967136150234744,0.056338028169014086,12.329577464788732
420,Sale,1,13.596762589928058,26.539208633093523,1.087364620938628,0.27697841726618705,0.007194244604316547,12.942446043165468
421,Sale,2,13.900896860986547,25.640358744394618,1.7384615384615385,0.35874439461883406,0.02242152466367713,11.739461883408072
422,Sale,3,12.305017921146954,24.3584229390681,1.4286738351254482,0.37992831541218636,0.0035842293906810036,12.053405017921147
423,Sale,4,9.224166666666667,20.73166666666667,1.5745833333333332,0.4708333333333333,0.016666666666666666,11.5075
424,Sale,5,5.948028673835125,17.336690647482015,1.067383512544803,0.48028673835125446,0.007168458781362007,11.371223021582733
425,Sale,6,3.919622641509434,14.430943396226414,1.8747169811320754,0.5547169811320755,0.01509433962264151,10.511320754716982
426,Sale,7,3.833870967741935,14.361693548387096,1.185483870967742,0.5040322580645161,0.016129032258064516,10.52782258064516
427,Sale,8,4.304435483870968,15.46048387096774,1.4701612903225807,0.5443548387096774,0.008064516129032258,11.156048387096773
428,Sale,9,6.023849372384937,17.7673640167364,1.3873949579831932,0.4686192468619247,0.0041841004184100415,11.743514644351464
429,Sale,10,7.78530612244898,20.12326530612245,1.5983471074380167,0.4489795918367347,0.012244897959183673,12.33795918367347
430,Sale,11,10.392436974789916,22.59121338912134,2.0840336134453783,0.3807531380753138,0.02510460251046025,12.187394957983193
431,Sale,12,12.03410138248848,24.46958525345622,1.8331797235023042,0.34101382488479265,0.02304147465437788,12.435483870967742
432,SalmonGums,1,14.619494584837545,31.59748201438849,1.1942238267148015,0.19784172661870503,0.014388489208633094,16.966425992779783
433,SalmonGums,2,14.468468468468469,30.121973094170404,1.04,0.20179372197309417,0.008968609865470852,15.686936936936936
434,SalmonGums,3,12.901083032490975,27.402166064981948,1.3695652173913044,0.2563176895306859,0.018050541516245487,14.501083032490975
435,SalmonGums,4,10.079583333333334,24.784583333333334,0.45749999999999996,0.1875,0.004166666666666667,14.705
436,SalmonGums,5,6.760740740740741,20.325925925925926,1.002962962962963,0.337037037037037,0.003703703703703704,13.565185185185184
437,SalmonGums,6,5.771610169491525,17.680672268907564,1.1627118644067798,0.4602510460251046,0.0041841004184100415,11.911489361702127
438,SalmonGums,7,4.798744769874477,16.486134453781514,1.0995780590717301,0.5230125523012552,0.0,11.713025210084032
439,SalmonGums,8,5.320967741935483,18.55564516129032,1.1798387096774194,0.4717741935483871,0.004032258064516129,13.234677419354838
440,SalmonGums,9,5.140585774058577,20.789121338912135,1.0991596638655463,0.3682008368200837,0.0041841004184100415,15.648535564853557
441,SalmonGums,10,8.391497975708502,25.572064777327935,1.0829268292682925,0.25101214574898784,0.008097165991902834,17.180566801619435
442,SalmonGums,11,10.895378151260504,27.948117154811715,1.0058823529411764,0.27615062761506276,0.0,17.06638655462185
443,SalmonGums,12,12.192093023255815,29.595327102803736,0.5711627906976744,0.19907407407407407,0.0,17.418779342723003
444,Sydney,1,20.316487455197134,27.51720430107527,3.1275985663082437,0.36200716845878134,0.043010752688172046,7.200716845878136
445,Sydney,2,20.186274509803923,26.880784313725492,4.32392156862745,0.47843137254901963,0.07058823529411765,6.6945098039215685
446,Sydney,3,18.85741935483871,25.881290322580643,4.483870967741935,0.47096774193548385,0.06774193548387097,7.023870967741936
447,Sydney,4,15.387732342007435,23.504444444444445,5.194814814814815,0.4777777777777778,0.07407407407407407,8.111152416356878
448,Sydney,5,12.110645161290323,21.153548387096777,2.4341935483870967,0.3225806451612903,0.041935483870967745,9.042903225806452
449,Sydney,6,10.503401360544217,18.37312925170068,5.851877133105802,0.4557823129251701,0.08503401360544217,7.869727891156462
450,Sydney,7,8.98673835125448,17.991397849462366,2.8530465949820787,0.3978494623655914,0.035842293906810034,9.004659498207886
451,Sydney,8,9.729749103942652,19.341935483870966,2.156272401433692,0.25448028673835127,0.035842293906810034,9.612186379928316
452,Sydney,9,12.61044776119403,21.994052044609663,1.8246268656716418,0.3420074349442379,0.03345724907063197,9.38955223880597
453,Sydney,10,14.769675090252706,23.460649819494588,2.1797101449275362,0.3862815884476534,0.021660649819494584,8.690974729241878
454,Sydney,11,17.347191011235953,24.9625468164794,2.934090909090909,0.4044943820224719,0.0449438202247191,7.615355805243445
455,Sydney,12,18.59311740890688,25.83821138211382,2.391935483870968,0.3548387096774194,0.04032258064516129,7.24959349593496
456,SydneyAirport,1,20.234408602150538,28.24587813620072,2.8107526881720433,0.35842293906810035,0.043010752688172046,8.011469534050178
457,SydneyAirport,2,20.396017699115045,27.596902654867254,3.1787610619469024,0.3893805309734513,0.048672566371681415,7.200884955752213
458,SydneyAirport,3,18.991636363636363,26.37608695652174,3.93040293040293,0.40942028985507245,0.05434782608695652,7.38
459,SydneyAirport,4,15.570833333333333,23.553749999999997,4.558333333333334,0.4375,0.0625,7.982916666666667
460,SydneyAirport,5,12.026881720430108,21.025089605734767,2.3634408602150536,0.3118279569892473,0.035842293906810034,8.998207885304659
461,SydneyAirport,6,10.290188679245283,18.335471698113206,5.0045283018867925,0.4490566037735849,0.07924528301886792,8.045283018867925
462,SydneyAirport,7,8.891935483870967,17.986693548387095,2.6129032258064515,0.35080645161290325,0.036290322580645164,9.09475806451613
463,SydneyAirport,8,9.687096774193549,19.544354838709676,2.213709677419355,0.24193548387096775,0.03225806451612903,9.85725806451613
464,SydneyAirport,9,12.510416666666666,22.165416666666665,1.5825,0.2916666666666667,0.0125,9.655
465,SydneyAirport,10,14.64516129032258,23.905241935483872,2.0008064516129034,0.33064516129032256,0.016129032258064516,9.26008064516129
466,SydneyAirport,11,17.356066945606695,25.733472803347283,2.854621848739496,0.36401673640167365,0.03347280334728033,8.377405857740586
467,SydneyAirport,12,18.68433179723502,26.600460829493088,2.67926267281106,0.3686635944700461,0.05069124423963134,7.916129032258064
468,Townsville,1,24.87841726618705,31.90755395683453,8.776173285198556,0.5287769784172662,0.1366906474820144,7.029136690647482
469,Townsville,2,24.620444444444445,31.681333333333335,11.55,0.56,0.13777777777777778,7.060888888888889
470,Townsville,3,23.682374100719425,31.004316546762592,8.868592057761733,0.4352517985611511,0.12949640287769784,7.321942446043166
471,Townsville,4,21.35625,30.24458333333333,1.7608333333333333,0.22916666666666666,0.020833333333333332,8.888333333333332
472,Townsville,5,18.174551971326164,28.006451612903227,1.0989247311827959,0.17204301075268819,0.010752688172043012,9.83189964157706
473,Townsville,6,15.370722433460076,26.089015151515152,0.7574144486692015,0.16287878787878787,0.007575757575757576,10.719011406844107
474,Townsville,7,14.846370967741937,25.7125,0.692741935483871,0.10887096774193548,0.008064516129032258,10.866129032258065
475,Townsville,8,14.932661290322581,26.550403225806452,0.5225806451612903,0.06854838709677419,0.008064516129032258,11.61774193548387
476,Townsville,9,18.678661087866107,28.60292887029289,0.426890756302521,0.100418410041841,0.0041841004184100415,9.924267782426778
477,Townsville,10,20.72983870967742,29.81491935483871,0.37177419354838703,0.11693548387096774,0.0,9.08508064516129
478,Townsville,11,23.069874476987447,30.88083333333333,1.8158333333333334,0.29583333333333334,0.016666666666666666,7.805439330543933
479,Townsville,12,24.73252032520325,32.021544715447156,5.003265306122449,0.3699186991869919,0.07723577235772358,7.2890243902439025
480,Tuggeranong,1,14.641454545454545,29.788,1.972893772893773,0.24,0.02181818181818182,15.146545454545455
481,Tuggeranong,2,14.417194570135745,27.747511312217195,3.5590697674418608,0.2986425339366516,0.05429864253393665,13.330316742081449
482,Tuggeranong,3,11.86094890510949,24.84124087591241,2.766542750929368,0.29927007299270075,0.032846715328467155,12.98029197080292
483,Tuggeranong,4,7.4171548117154815,20.448117154811715,1.7974789915966387,0.26359832635983266,0.02510460251046025,13.030962343096235
484,Tuggeranong,5,2.506498194945848,16.36317689530686,0.8632727272727273,0.19494584837545126,0.010830324909747292,13.85667870036101
485,Tuggeranong,6,1.6015503875968993,13.127027027027028,2.0393700787401574,0.3166023166023166,0.03474903474903475,11.52093023255814
486,Tuggeranong,7,0.5156378600823045,12.346913580246914,1.4613445378151262,0.3292181069958848,0.012345679012345678,11.831275720164609
487,Tuggeranong,8,1.1958847736625513,14.079012345679011,1.3514644351464435,0.2839506172839506,0.012345679012345678,12.88312757201646
488,Tuggeranong,9,3.5602510460251047,17.566527196652718,2.2815126050420167,0.26359832635983266,0.03765690376569038,14.006276150627615
489,Tuggeranong,10,6.463786008230453,20.921074380165287,1.8508333333333333,0.2839506172839506,0.01646090534979424,14.47107438016529
490,Tuggeranong,11,10.317154811715483,25.24937238493724,2.843037974683544,0.2594142259414226,0.04602510460251046,14.932217573221758
491,Tuggeranong,12,12.476016260162602,26.839837398373984,3.397530864197531,0.32113821138211385,0.052845528455284556,14.363821138211382
492,Uluru,1,22.91967213114754,36.89344262295082,1.1099999999999999,0.2459016393442623,0.00819672131147541,13.973770491803279
493,Uluru,2,21.82897196261682,37.67407407407408,0.9038461538461539,0.1574074074074074,0.018518518518518517,15.942990654205609
494,Uluru,3,21.0177304964539,36.09929577464789,0.5220588235294119,0.09859154929577464,0.007042253521126761,15.079432624113474
495,Uluru,4,14.366666666666667,29.50144927536232,0.5518248175182481,0.08695652173913043,0.007246376811594203,15.134782608695652
496,Uluru,5,9.988148148148149,24.81764705882353,1.1119402985074627,0.13970588235294118,0.022058823529411766,14.802962962962964
497,Uluru,6,6.5408450704225345,20.244366197183098,0.6312056737588653,0.1619718309859155,0.007042253521126761,13.703521126760563
498,Uluru,7,4.530894308943089,20.656910569105694,0.27704918032786885,0.08943089430894309,0.0,16.1260162601626
499,Uluru,8,5.939516129032258,24.037096774193547,0.24516129032258063,0.04838709677419355,0.0,18.09758064516129
500,Uluru,9,10.680833333333334,29.228333333333335,0.14,0.058333333333333334,0.0,18.5475
501,Uluru,10,15.730645161290322,34.33709677419355,0.027419354838709678,0.024193548387096774,0.0,18.606451612903225
502,Uluru,11,19.52857142857143,36.62436974789916,0.4864406779661017,0.13445378151260504,0.008403361344537815,17.09579831932773
503,Uluru,12,21.663414634146342,37.0520325203252,2.5311475409836066,0.2926829268292683,0.024390243902439025,15.388617886178862
504,WaggaWagga,1,17.44014598540146,33.38357664233577,1.294074074074074,0.16058394160583941,0.014598540145985401,15.943430656934307
505,WaggaWagga,2,17.28409090909091,31.43590909090909,1.9253456221198157,0.20454545454545456,0.02727272727272727,14.151818181818182
506,WaggaWagga,3,14.182246376811595,27.969202898550726,2.335766423357664,0.2246376811594203,0.03260869565217391,13.78695652173913
507,WaggaWagga,4,9.966949152542371,23.316525423728812,1.040343347639485,0.21610169491525424,0.00423728813559322,13.349576271186441
508,WaggaWagga,5,5.666788321167884,18.022992700729926,1.503321033210332,0.24817518248175183,0.014598540145985401,12.356204379562044
509,WaggaWagga,6,3.853962264150943,14.349811320754716,1.927547169811321,0.3886792452830189,0.026415094339622643,10.495849056603774
510,WaggaWagga,7,3.46008064516129,13.390725806451613,1.6685483870967743,0.4717741935483871,0.0,9.930645161290323
511,WaggaWagga,8,3.5612903225806454,14.994354838709677,1.7000000000000002,0.42338709677419356,0.012096774193548387,11.433064516129033
512,WaggaWagga,9,5.24125,18.514583333333334,1.6941666666666668,0.3125,0.020833333333333332,13.273333333333333
513,WaggaWagga,10,8.02258064516129,23.385483870967743,1.4500000000000002,0.22580645161290322,0.024193548387096774,15.362903225806452
514,WaggaWagga,11,12.44322033898305,28.12627118644068,2.087179487179487,0.2033898305084746,0.038135593220338986,15.68305084745763
515,WaggaWagga,12,14.737440758293838,30.266350710900472,1.8514285714285714,0.20853080568720378,0.018957345971563982,15.528909952606634
516,Walpole,1,14.767037037037037,25.170479704797046,1.0544776119402985,0.2673992673992674,0.014652014652014652,10.396641791044777
517,Walpole,2,15.276233183856501,24.924663677130045,0.9342342342342342,0.25892857142857145,0.004464285714285714,9.664864864864864
518,Walpole,3,14.424087591240875,23.802189781021898,1.0940298507462687,0.40145985401459855,0.0,9.378102189781021
519,Walpole,4,12.98661087866109,21.57112970711297,1.9647058823529413,0.4895397489539749,0.016736401673640166,8.584518828451882
520,Walpole,5,11.027169811320753,19.009056603773583,4.244274809160306,0.630188679245283,0.05660377358490566,7.98188679245283
521,Walpole,6,10.24586776859504,17.083471074380164,5.479661016949152,0.6239669421487604,0.06198347107438017,6.837603305785124
522,Walpole,7,8.891341991341992,15.945217391304348,5.683700440528635,0.7316017316017316,0.06926406926406926,7.03695652173913
523,Walpole,8,9.23951219512195,16.739320388349515,4.981463414634146,0.7294685990338164,0.057971014492753624,7.50343137254902
524,Walpole,9,9.193048128342246,17.321693121693123,4.439344262295082,0.6157894736842106,0.042105263157894736,8.12741935483871
525,Walpole,10,10.689285714285715,19.38705357142857,2.4474885844748857,0.5401785714285714,0.022321428571428572,8.697767857142857
526,Walpole,11,11.91551724137931,21.530901287553647,1.73215859030837,0.4358974358974359,0.004273504273504274,9.657575757575758
527,Walpole,12,12.884186046511628,22.48472222222222,1.2148837209302326,0.38425925925925924,0.009259259259259259,9.606976744186046
528,Watsonia,1,14.716727272727272,28.14187725631769,1.2472727272727273,0.26353790613718414,0.010830324909747292,13.45890909090909
529,Watsonia,2,14.690178571428572,27.829203539823006,1.5769911504424778,0.252212389380531,0.017699115044247787,13.166964285714286
530,Watsonia,3,13.303610108303248,25.399277978339352,1.5521739130434782,0.3176895306859206,0.021660649819494584,12.0956678700361
531,Watsonia,4,10.45625,21.208750000000002,1.9891666666666665,0.45416666666666666,0.025,10.7525
532,Watsonia,5,8.029032258064516,17.170250896057347,1.5225806451612904,0.5340501792114696,0.0035842293906810036,9.141218637992832
533,Watsonia,6,5.965660377358491,14.304528301886792,2.0671698113207544,0.6150943396226415,0.011320754716981131,8.338867924528303
534,Watsonia,7,6.242105263157894,13.961133603238867,1.732520325203252,0.5951417004048583,0.004048582995951417,7.719028340080971
535,Watsonia,8,6.786290322580645,15.058064516129033,1.6290322580645162,0.5887096774193549,0.004032258064516129,8.271774193548387
536,Watsonia,9,8.07907949790795,17.673640167364017,2.1731092436974793,0.5104602510460251,0.016736401673640166,9.594560669456067
537,Watsonia,10,9.08744939271255,20.7417004048583,2.038211382113821,0.4979757085020243,0.020242914979757085,11.654251012145748
538,Watsonia,11,11.638333333333332,23.802916666666665,2.6608333333333336,0.43333333333333335,0.029166666666666667,12.164583333333333
539,Watsonia,12,13.023584905660377,26.146728971962617,2.177251184834123,0.32710280373831774,0.028037383177570093,13.098584905660378
540,Williamtown,1,18.63951612903226,29.523293172690764,3.9063829787234043,0.3534136546184739,0.04417670682730924,10.903629032258063
541,Williamtown,2,18.75979381443299,29.153886010362694,3.4118279569892476,0.3711340206185567,0.030927835051546393,10.4
542,Williamtown,3,16.78211382113821,27.1890243902439,4.096969696969697,0.35772357723577236,0.04878048780487805,10.40691056910569
543,Williamtown,4,13.295566502463053,23.882758620689653,6.307936507936509,0.4433497536945813,0.07881773399014778,10.5871921182266
544,Williamtown,5,10.003083700440527,21.18237885462555,2.7640776699029126,0.3700440528634361,0.030837004405286344,11.179295154185022
545,Williamtown,6,8.534418604651163,18.206976744186047,5.8296874999999995,0.4604651162790698,0.09302325581395349,9.672558139534884
546,Williamtown,7,6.9241206030150755,17.849246231155778,2.992178770949721,0.39195979899497485,0.02512562814070352,10.925125628140703
547,Williamtown,8,6.987142857142857,19.817619047619047,1.9005128205128203,0.23333333333333334,0.04285714285714286,12.83047619047619
548,Williamtown,9,9.565365853658538,23.04780487804878,1.9958549222797928,0.2634146341463415,0.02926829268292683,13.482439024390244
549,Williamtown,10,11.650684931506849,24.880821917808216,2.1768115942028987,0.3150684931506849,0.0319634703196347,13.230136986301371
550,Williamtown,11,15.349289099526066,26.996172248803827,3.750505050505051,0.3459715639810427,0.04265402843601896,11.683732057416268
551,Williamtown,12,16.721714285714288,27.472571428571428,2.8945454545454545,0.3657142857142857,0.045714285714285714,10.750857142857143
552,Witchcliffe,1,14.19618320610687,27.68106060606061,0.17076923076923076,0.10984848484848485,0.0,13.429389312977099
553,Witchcliffe,2,14.736651583710408,27.608597285067873,0.31131221719457014,0.18834080717488788,0.0,12.853881278538813
554,Witchcliffe,3,13.272826086956522,25.683754512635378,1.0574545454545454,0.2563176895306859,0.010830324909747292,12.429710144927537
555,Witchcliffe,4,11.456066945606695,22.715481171548117,1.8537815126050419,0.4895397489539749,0.02092050209205021,11.259414225941423
556,Witchcliffe,5,9.204659498207885,19.560931899641577,4.82437275985663,0.6917562724014337,0.06451612903225806,10.356272401433692
557,Witchcliffe,6,8.973745173745174,17.505791505791507,6.0125,0.722007722007722,0.07335907335907337,8.532046332046333
558,Witchcliffe,7,7.780241935483871,16.40806451612903,6.793548387096774,0.7943548387096774,0.09274193548387097,8.62782258064516
559,Witchcliffe,8,8.370445344129555,17.1085020242915,5.4471544715447155,0.7813765182186235,0.06072874493927125,8.738056680161945
560,Witchcliffe,9,8.381278538812785,17.571818181818184,4.587850467289719,0.6606334841628959,0.04524886877828054,9.189449541284404
561,Witchcliffe,10,9.533333333333333,20.51469387755102,1.5583673469387755,0.508130081300813,0.0040650406504065045,10.97061224489796
562,Witchcliffe,11,10.998717948717948,23.4008547008547,1.2139737991266375,0.358974358974359,0.0,12.402136752136752
563,Witchcliffe,12,12.369158878504672,24.959345794392526,0.384037558685446,0.22429906542056074,0.0,12.590186915887852
564,Wollongong,1,19.27014388489209,25.238848920863308,3.3176895306859207,0.36330935251798563,0.050359712230215826,5.968705035971223
565,Wollongong,2,19.349545454545453,24.821719457013575,3.9990783410138246,0.4253393665158371,0.06334841628959276,5.4772727272727275
566,Wollongong,3,18.476556776556777,24.13175182481752,6.104089219330855,0.4489051094890511,0.08029197080291971,5.6501831501831505
567,Wollongong,4,15.719047619047618,22.11255411255411,4.153777777777778,0.4025974025974026,0.04329004329004329,6.393506493506494
568,Wollongong,5,13.287777777777777,20.102952029520292,2.302255639097744,0.24723247232472326,0.033210332103321034,6.820740740740741
569,Wollongong,6,11.440725806451614,17.60963855421687,6.09460580912863,0.357429718875502,0.08433734939759036,6.164516129032258
570,Wollongong,7,10.24959349593496,17.06910569105691,2.3680327868852458,0.2886178861788618,0.036585365853658534,6.819512195121951
571,Wollongong,8,10.800813008130081,18.16951219512195,3.1188524590163933,0.2601626016260163,0.04065040650406504,7.36869918699187
572,Wollongong,9,12.578333333333335,20.172916666666666,1.8766666666666665,0.2875,0.020833333333333332,7.5945833333333335
573,Wollongong,10,14.151851851851852,21.543032786885245,2.4888888888888885,0.32786885245901637,0.03278688524590164,7.395473251028807
574,Wollongong,11,16.40292887029289,22.811297071129705,4.051476793248946,0.401673640167364,0.05439330543933055,6.4083682008368195
575,Wollongong,12,17.470588235294116,23.76182572614108,3.183333333333333,0.38934426229508196,0.04918032786885246,6.269327731092437
576,Woomera,1,20.623741007194244,35.90860215053763,0.6654676258992805,0.08960573476702509,0.010752688172043012,15.257913669064747
577,Woomera,2,19.88767123287671,34.622727272727275,0.791743119266055,0.09090909090909091,0.00909090909090909,14.72648401826484
578,Woomera,3,17.606451612903225,30.77885304659498,0.35053763440860214,0.0967741935483871,0.0,13.172401433691755
579,Woomera,4,14.029831932773108,25.873529411764704,0.7767932489451477,0.13865546218487396,0.012605042016806723,11.843697478991597
580,Woomera,5,9.986379928315412,21.017921146953405,0.47706093189964155,0.13261648745519714,0.0035842293906810036,11.031541218637994
581,Woomera,6,6.90532319391635,17.49277566539924,0.5087121212121213,0.19318181818181818,0.007575757575757576,10.57824427480916
582,Woomera,7,5.944354838709677,17.352016129032258,0.38911290322580644,0.17338709677419356,0.004032258064516129,11.407661290322581
583,Woomera,8,7.187044534412956,20.07570850202429,0.3645161290322581,0.1532258064516129,0.0,12.887398373983741
584,Woomera,9,10.071666666666665,23.898333333333333,0.41916666666666663,0.125,0.0,13.826666666666666
585,Woomera,10,13.383467741935483,28.105645161290322,0.34838709677419355,0.0967741935483871,0.0,14.72217741935484
586,Woomera,11,16.672083333333333,31.587083333333332,0.44125,0.14166666666666666,0.004166666666666667,14.915
587,Woomera,12,18.482608695652175,33.400483091787436,0.3673170731707317,0.12077294685990338,0.0,14.917874396135266
