,Location,Year,Avg_MinTemp,Avg_MaxTemp,Avg_Rainfall,Avg_Evaporation,Avg_Sunshine,Avg_WindSpeed,RainyDays_Percent,HeavyRain_Percent,Rainfall_std,Avg_TempRange,TempRange_std
0,Adelaide,2008,11.090909090909092,21.04060606060606,1.4870129870129871,5.895,7.70925925925926,38.77777777777778,0.3433734939759036,0.012048192771084338,3.83434260027724,9.978658536585366,3.9146220346412073
1,Adelaide,2009,13.1707182320442,23.48038674033149,1.4311111111111112,6.465882352941176,8.086516853932585,38.18156424581006,0.31767955801104975,0.008287292817679558,3.760034505988899,10.309668508287293,4.603032891601601
2,Adelaide,2010,12.675208913649024,22.560445682451252,1.6687323943661971,5.894736842105263,7.313994169096209,36.502808988764045,0.3565459610027855,0.011142061281337047,5.419780399156187,9.88523676880223,4.141428435080111
3,Adelaide,2011,12.987076923076923,22.747384615384615,1.5553459119496855,5.440088105726873,7.375851393188855,36.953416149068325,0.3415384615384615,0.006153846153846154,3.7099431202751942,9.760307692307691,4.337027616583568
4,Adelaide,2012,12.074766355140186,22.364485981308412,1.5987179487179488,5.467543859649123,9.259615384615385,38.156739811912225,0.34579439252336447,0.012461059190031152,4.514214593845861,10.289719626168225,4.28677328927538
5,Adelaide,2013,12.754071661237784,22.763192182410425,1.622456140350877,5.59626168224299,7.3769230769230765,39.28664495114006,0.33876221498371334,0.006514657980456026,3.9983166707570907,10.009120521172639,4.759021176389385
6,Adelaide,2014,12.725925925925926,23.40883190883191,1.5590643274853802,5.854098360655738,8.787387387387387,37.313390313390315,0.30484330484330485,0.014245014245014245,5.492043538652434,10.682905982905982,4.705527884732239
7,Adelaide,2015,12.484958217270195,23.212813370473537,1.1070028011204482,6.014035087719298,,33.96348314606742,0.3286908077994429,0.005571030640668524,3.154643666996713,10.727855153203343,4.7693567514431345
8,Adelaide,2016,12.34672131147541,22.863661202185792,2.2426229508196722,,,34.83606557377049,0.39344262295081966,0.01912568306010929,6.1203758238009955,10.516939890710383,4.545434250749188
9,Adelaide,2017,13.688439306358381,24.892485549132946,1.207017543859649,,,29.55294117647059,0.2254335260115607,0.017341040462427744,4.082553683914438,11.204046242774567,4.462366646844747
10,Albany,2008,14.486666666666668,20.70967741935484,0.9419354838709677,5.72258064516129,9.393548387096773,,0.41935483870967744,0.0,2.885454810314241,6.246666666666667,2.098231329630667
11,Albany,2009,12.606648199445983,19.554520547945206,2.5183561643835617,4.131232876712329,6.8313019390581715,,0.4575342465753425,0.021917808219178082,5.6581185020012175,6.923822714681441,3.0780383023453157
12,Albany,2010,12.713150684931508,19.82,2.0334246575342467,4.055555555555555,6.733884297520661,,0.4054794520547945,0.0136986301369863,4.723739502539474,7.1068493150684935,3.5956448307931765
13,Albany,2011,12.984179104477612,20.204776119402986,2.674626865671642,3.9134328358208954,6.525825825825826,,0.5044776119402985,0.026865671641791045,5.609939406516353,7.2205970149253735,3.398840891095826
14,Albany,2012,12.733333333333333,20.653614457831324,2.5218562874251496,3.8653846153846154,6.911974110032363,,0.41317365269461076,0.023952095808383235,5.714695888356771,7.955182926829269,3.5462394213749486
15,Albany,2013,13.000301204819278,19.99011976047904,2.8680722891566264,3.753230769230769,6.5205696202531644,,0.5,0.02694610778443114,5.9024808052538305,6.957530120481928,3.034460276272258
16,Albany,2014,13.21830985915493,20.25611111111111,1.8168067226890756,4.1194444444444445,6.674515235457064,,0.40166204986149584,0.01662049861495845,4.760706195744689,7.015819209039548,3.110856167927674
17,Albany,2015,13.193854748603352,20.269273743016758,1.6774104683195592,4.168539325842697,6.428034682080924,,0.42857142857142855,0.01098901098901099,4.263643931444588,7.101983002832861,3.2182931546482414
18,Albany,2016,12.52627118644068,19.432748538011698,2.468802228412256,5.60383141762452,5.653333333333333,,0.494475138121547,0.011049723756906077,4.66790138177095,6.6727544910179635,3.1718175584716435
19,Albany,2017,14.194890510948905,20.901234567901234,1.4922580645161292,6.432258064516129,,,0.34545454545454546,0.012121212121212121,3.7012903240411155,6.706716417910448,3.4426165464503646
20,Albury,2008,13.68,27.383333333333333,1.8620689655172413,,,42.56666666666667,0.36666666666666664,0.0,4.47472375788267,13.703333333333335,4.681178994826965
21,Albury,2009,9.671625344352618,23.241208791208788,1.3112947658402203,,,34.651933701657455,0.30494505494505497,0.008241758241758242,3.453840720453875,13.581818181818182,4.881547168924104
22,Albury,2010,9.533333333333333,21.747899159663866,2.6108262108262106,,,33.38935574229692,0.33519553072625696,0.036312849162011177,7.65551134065216,12.21728045325779,4.199413037054299
23,Albury,2011,9.420909090909092,21.826060606060608,2.576219512195122,,,31.984662576687118,0.3181818181818182,0.02727272727272727,8.444764679729655,12.405151515151514,4.126053790946981
24,Albury,2012,8.013473053892216,21.158982035928144,2.2084084084084084,,,31.41566265060241,0.31137724550898205,0.029940119760479042,8.567938354115832,13.14550898203593,4.183963472684712
25,Albury,2013,8.792469879518071,22.40840840840841,1.5939577039274926,,,33.95495495495496,0.34534534534534533,0.012012012012012012,5.219354399705079,13.627710843373492,4.952275274404404
26,Albury,2014,9.86,23.400555555555556,1.6627450980392158,,,32.45125348189415,0.31666666666666665,0.019444444444444445,5.858834323846398,13.540555555555557,4.847728092320375
27,Albury,2015,9.557534246575342,22.77972602739726,1.703013698630137,,,32.441095890410956,0.336986301369863,0.01643835616438356,4.909993924967568,13.22219178082192,4.519405729731759
28,Albury,2016,10.234972677595628,22.73415300546448,2.199453551912568,,,34.19672131147541,0.4098360655737705,0.01912568306010929,5.362385456377431,12.499180327868851,5.08120624070146
29,Albury,2017,10.676608187134503,25.04502923976608,1.1023809523809522,,,29.12280701754386,0.23391812865497075,0.005847953216374269,3.876722369869706,14.368421052631579,4.432665824962387
30,AliceSprings,2008,20.903225806451612,34.641935483870974,1.7677419354838708,10.464516129032257,9.100000000000001,42.87096774193548,0.2903225806451613,0.03225806451612903,4.790573180512897,13.738709677419356,4.399899803355741
31,AliceSprings,2009,14.299452054794521,29.954246575342463,0.21041095890410957,10.190581717451524,10.130446927374301,43.30193905817175,0.06301369863013699,0.0,1.2742595763860052,15.654794520547945,4.424322171213934
32,AliceSprings,2010,12.725479452054795,26.624657534246577,2.1084931506849314,7.0207282913165265,9.056598240469208,39.45170454545455,0.20821917808219179,0.030136986301369864,7.531637241420624,13.89917808219178,4.767665171834854
33,AliceSprings,2011,12.584477611940299,28.565671641791045,1.093134328358209,7.5075075075075075,8.991238670694864,40.31111111111111,0.1791044776119403,0.01791044776119403,4.444243470694654,15.981194029850746,5.251743800042194
34,AliceSprings,2012,10.989253731343284,28.833432835820897,0.5534328358208955,8.389090909090909,9.824534161490684,40.981818181818184,0.09850746268656717,0.008955223880597015,2.9949626132236125,17.84417910447761,4.7880296565265414
35,AliceSprings,2013,13.471513353115727,30.365281899109792,0.511572700296736,9.318562874251498,9.519033232628399,40.907738095238095,0.08605341246290801,0.005934718100890208,2.78958781862553,16.893768545994064,5.101142762360596
36,AliceSprings,2014,13.240934065934065,29.7013698630137,0.6887671232876712,9.01340782122905,9.648011363636364,40.73424657534247,0.09315068493150686,0.010958904109589041,3.3797083337019154,16.446153846153845,4.849982140600618
37,AliceSprings,2015,12.675616438356165,29.135714285714286,0.9567123287671233,8.962777777777777,9.718413597733711,39.487671232876714,0.0821917808219178,0.019178082191780823,6.096368053787245,16.49615384615385,4.8270857166836265
38,AliceSprings,2016,13.704696132596686,29.37292817679558,0.9894444444444445,10.44113475177305,10.22079207920792,39.72346368715084,0.16574585635359115,0.0055248618784530384,4.054228470711377,15.668232044198893,5.101600603891843
39,AliceSprings,2017,14.109356725146197,31.248538011695906,0.2862275449101796,15.894594594594595,,38.773809523809526,0.05847953216374269,0.005847953216374269,2.1706119332526654,17.139181286549707,4.475704009939545
40,BadgerysCreek,2009,10.964406779661017,24.56323119777159,1.6056497175141242,,,37.71587743732591,0.3426183844011142,0.022284122562674095,5.15211903943429,13.618361581920903,5.413149096752803
41,BadgerysCreek,2010,11.232121212121212,23.291591591591594,2.596091205211726,,,35.91489361702128,0.35735735735735735,0.04504504504504504,6.529789782683169,12.016969696969698,4.420175136367451
42,BadgerysCreek,2011,10.921385542168675,23.426506024096387,2.148936170212766,,,32.903030303030306,0.39759036144578314,0.030120481927710843,5.88216147006674,12.50512048192771,4.795038124966404
43,BadgerysCreek,2012,9.847289156626507,22.949397590361446,2.602424242424242,,,32.20180722891566,0.34036144578313254,0.030120481927710843,8.999209364226031,13.102108433734939,4.95168454478947
44,BadgerysCreek,2013,10.651197604790418,24.298502994011976,2.2646525679758307,,,32.92215568862275,0.281437125748503,0.03293413173652695,8.913485941052999,13.647305389221556,5.244929647913538
45,BadgerysCreek,2014,11.62090395480226,24.354084507042256,1.9770773638968482,,,33.22096317280453,0.30422535211267604,0.028169014084507043,6.078106702652167,12.744915254237288,4.87924315157326
46,BadgerysCreek,2015,11.334357541899442,23.593296089385476,2.300845070422535,,,31.74576271186441,0.33519553072625696,0.030726256983240222,7.540420222835458,12.258938547486032,4.838109220650864
47,BadgerysCreek,2016,11.1328530259366,24.670893371757924,1.9097701149425288,,,33.25648414985591,0.27793696275071633,0.022922636103151862,9.098780166778921,13.527246376811593,4.761425635412556
48,BadgerysCreek,2017,13.713714285714286,25.873714285714282,2.8735632183908044,,,31.413793103448278,0.37714285714285717,0.04,7.658196104625761,12.16,4.888774380407499
49,Ballarat,2008,8.770967741935483,21.37741935483871,2.690322580645161,,,45.87096774193548,0.5161290322580645,0.03225806451612903,9.69575009436986,12.606451612903227,4.325654901004083
50,Ballarat,2009,7.252328767123287,18.83178082191781,1.515068493150685,,,45.852777777777774,0.4438356164383562,0.005479452054794521,3.954871499867048,11.57945205479452,5.4084579393158645
51,Ballarat,2010,7.3730769230769235,17.545604395604396,2.420936639118457,,,43.30027548209367,0.4945054945054945,0.024725274725274724,6.362077061357269,10.172527472527474,4.73061224545767
52,Ballarat,2011,7.346951219512196,17.330091185410335,1.8544891640866874,,,44.606918238993714,0.44984802431610943,0.0182370820668693,5.068132378861548,9.970121951219511,4.3614544592799485
53,Ballarat,2012,6.832835820895522,17.36089552238806,1.7892537313432835,,,44.84036144578313,0.4835820895522388,0.005970149253731343,4.668829404067997,10.528059701492538,4.544693634993013
54,Ballarat,2013,6.743452380952381,17.756845238095238,1.3582089552238805,,,45.86904761904762,0.4583333333333333,0.002976190476190476,2.9658207280510953,11.013392857142858,5.136724588581122
55,Ballarat,2014,7.539669421487604,19.062534435261707,1.2524861878453037,,,44.9585635359116,0.3746556473829201,0.005509641873278237,3.194074657130162,11.522865013774105,5.355015261799361
56,Ballarat,2015,7.07972602739726,18.564657534246578,1.2410958904109588,,,45.285714285714285,0.41643835616438357,0.005479452054794521,3.715420628149183,11.484931506849316,5.560315412057086
57,Ballarat,2016,7.884340659340659,18.1366391184573,2.0458563535911605,,,46.73278236914601,0.49725274725274726,0.013736263736263736,5.08385058781758,10.234710743801653,5.062952495193482
58,Ballarat,2017,8.557954545454546,20.63465909090909,1.5886363636363638,,,41.497142857142855,0.38636363636363635,0.03409090909090909,5.734176873412995,12.076704545454545,5.130477275841115
59,Bendigo,2008,11.035483870967743,25.25483870967742,1.8258064516129031,6.32258064516129,,44.0,0.41935483870967744,0.03225806451612903,5.72427391272963,14.219354838709679,4.220459639647379
60,Bendigo,2009,8.395068493150685,22.213150684931506,1.1452054794520548,4.144383561643836,,39.93539325842696,0.336986301369863,0.005479452054794521,3.2931597896199762,13.818082191780823,5.308152722265654
61,Bendigo,2010,8.45054945054945,20.676098901098904,2.905205479452055,3.7353135313531354,,37.88857938718663,0.40821917808219177,0.04657534246575343,7.439374033838769,12.199173553719008,4.718404588050524
62,Bendigo,2011,8.484776119402985,20.774328358208955,2.1432835820895524,2.4568181818181816,,37.669724770642205,0.382089552238806,0.026865671641791045,7.252999046865471,12.289552238805971,4.595270099127971
63,Bendigo,2012,7.466567164179105,20.47492537313433,1.3134328358208955,,,38.96656534954408,0.3402985074626866,0.008955223880597015,4.697435136645364,13.008358208955224,4.55821184244913
64,Bendigo,2013,7.940356083086054,21.21721068249258,1.3715133531157269,3.2934640522875815,,39.40059347181009,0.35311572700296734,0.011869436201780416,3.80427646591788,13.276854599406528,5.29028182081793
65,Bendigo,2014,8.791780821917808,22.602465753424656,1.267945205479452,5.432608695652174,,38.772602739726025,0.3095890410958904,0.01643835616438356,4.918275785301796,13.810684931506849,5.0908526911497445
66,Bendigo,2015,8.611232876712329,21.99095890410959,0.9780821917808219,,,39.48342541436464,0.3150684931506849,0.005479452054794521,3.3554223205536906,13.379726027397261,4.957398171221422
67,Bendigo,2016,9.363736263736264,21.398626373626374,1.8696132596685082,,,39.62637362637363,0.43956043956043955,0.008241758241758242,4.500712700058331,12.03489010989011,5.082895992279566
68,Bendigo,2017,10.431976744186047,23.90813953488372,1.536470588235294,,,35.794117647058826,0.3023255813953488,0.029069767441860465,5.64636023640435,13.476162790697675,4.667476287815592
69,Brisbane,2008,14.715934065934066,24.99398907103825,3.3340659340659338,5.093406593406593,8.243646408839778,32.36065573770492,0.3770491803278688,0.0546448087431694,10.147707138680351,10.262087912087912,3.3882869468534866
70,Brisbane,2009,16.52409972299169,26.914364640883978,2.978272980501393,5.411111111111111,8.449859943977591,31.629834254143645,0.3370165745856354,0.049723756906077346,9.964881144647414,10.383379501385042,3.02413453046593
71,Brisbane,2010,16.7404432132964,25.753185595567867,4.608938547486034,4.5616666666666665,6.644540229885058,28.290858725761773,0.4265927977839335,0.06925207756232687,14.19603165805674,9.012742382271467,2.938679496078293
72,Brisbane,2011,15.79607250755287,25.8190332326284,3.2782874617737003,5.117575757575757,7.982051282051282,27.308157099697887,0.3504531722054381,0.04833836858006042,9.929443704102486,10.022960725075528,3.075861790295243
73,Brisbane,2012,15.542215568862277,25.79311377245509,3.382582582582583,4.985542168674699,8.075987841945288,26.259036144578314,0.3263473053892216,0.04491017964071856,12.596148170447362,10.250898203592815,3.3348621406459777
74,Brisbane,2013,16.107462686567164,26.432537313432835,2.538507462686567,5.463095238095238,8.280059523809523,27.438805970149254,0.34523809523809523,0.03273809523809524,10.864970528814608,10.328443113772455,3.1281727631468144
75,Brisbane,2014,16.65027624309392,27.015235457063714,2.1999999999999997,6.056545961002786,8.428888888888888,28.45125348189415,0.32044198895027626,0.03314917127071823,8.918701711766333,10.351523545706371,2.920902477569532
76,Brisbane,2015,16.545098039215688,26.42324929971989,4.111111111111111,5.420505617977528,8.237815126050421,27.04201680672269,0.38268156424581007,0.04189944134078212,15.674301685667947,9.874438202247191,3.0431531958866387
77,Brisbane,2016,17.027823691460057,27.23443526170799,2.0393351800554016,5.96173184357542,8.396408839779005,27.924157303370787,0.33608815426997246,0.01928374655647383,8.564351412240288,10.206611570247935,2.8087787264825423
78,Brisbane,2017,18.693491124260355,28.08529411764706,3.3233532934131738,6.269230769230769,8.16608187134503,25.941176470588236,0.32748538011695905,0.04093567251461988,13.03237371284676,9.362499999999999,2.4266407499548253
79,Cairns,2008,24.480645161290322,32.60645161290322,6.296774193548386,6.993333333333334,7.619354838709677,32.9,0.4838709677419355,0.12903225806451613,13.232875320477852,8.125806451612902,1.5075294893600992
80,Cairns,2009,20.78164383561644,29.67315068493151,6.025753424657535,6.112947658402204,7.837637362637363,36.33791208791209,0.37534246575342467,0.0684931506849315,21.59989557347876,8.89150684931507,2.4842712195728565
81,Cairns,2010,22.37013698630137,29.71753424657534,7.287123287671234,5.355616438356164,6.24945054945055,37.586776859504134,0.5616438356164384,0.12054794520547946,16.989569317757596,7.347397260273973,1.9512394112723228
82,Cairns,2011,20.43820895522388,29.12089552238806,7.6847761194029856,5.837082066869301,7.600299401197605,36.68562874251497,0.417910447761194,0.08656716417910448,26.68241657657521,8.682686567164179,2.726538230947628
83,Cairns,2012,20.44670658682635,29.053592814371257,5.972972972972973,6.053869969040248,7.466966966966967,37.122754491017965,0.39221556886227543,0.09281437125748503,18.7558727153799,8.60688622754491,2.600181422220074
84,Cairns,2013,20.801186943620177,29.316617210682494,3.4178041543026705,6.044047619047619,7.95727002967359,39.967359050445104,0.4599406528189911,0.04451038575667656,8.698517452887987,8.515430267062316,2.4253864214771923
85,Cairns,2014,20.781767955801104,29.301381215469615,5.054596100278551,6.308450704225352,7.88690807799443,39.961218836565095,0.43646408839779005,0.07734806629834254,15.883779182151812,8.519613259668509,2.7739242609877213
86,Cairns,2015,21.12554945054945,29.52712328767123,5.196164383561643,6.177575757575758,7.950892857142857,39.25626740947075,0.4602739726027397,0.0547945205479452,18.295915792825962,8.410714285714286,2.346704044839342
87,Cairns,2016,21.85754716981132,30.01069182389937,4.534899328859061,8.679629629629629,8.041346153846153,37.215873015873015,0.389937106918239,0.04716981132075472,16.306735408621826,8.15314465408805,2.210265593006298
88,Cairns,2017,22.51875,30.244886363636365,7.1375,,,39.53448275862069,0.5852272727272727,0.10227272727272728,15.314201159148235,7.726136363636363,1.7956451649592577
89,Canberra,2007,12.545901639344262,25.086885245901637,3.219672131147541,5.859016393442623,8.08688524590164,40.91803278688525,0.45901639344262296,0.04918032786885246,7.3378202865276725,12.540983606557377,4.764604812195178
90,Canberra,2008,7.048087431693989,20.437978142076503,1.4612021857923496,4.762087912087912,8.10220385674931,40.89010989010989,0.2568306010928962,0.00546448087431694,4.71574136620972,13.389890710382513,4.336722010486979
91,Canberra,2009,7.712087912087911,21.4021978021978,1.206027397260274,5.010410958904109,7.633962264150944,39.966981132075475,0.273972602739726,0.010958904109589041,3.6861288621341384,13.661432506887053,5.1517791957227566
92,Canberra,2010,7.140833333333333,20.11270718232044,2.636813186813187,4.073314606741572,7.270764119601329,37.06333333333333,0.28846153846153844,0.038461538461538464,8.175315042378472,12.856545961002785,4.388953285387923
93,Canberra,2011,6.429357798165138,20.416819571865442,1.7134796238244514,3.850689655172414,6.942662116040956,40.06204379562044,0.3180428134556575,0.01529051987767584,5.6202274058206,13.987461773700305,5.066393119682498
94,Canberra,2012,4.97874251497006,19.468562874251496,2.0336336336336336,3.397338403041825,6.802127659574468,39.801223241590215,0.281437125748503,0.03293413173652695,6.7279141809937775,14.489820359281438,4.967336368544306
95,Canberra,2013,5.648367952522255,21.255489614243324,1.4949554896142434,5.241129032258065,,41.974603174603175,0.26409495548961426,0.020771513353115726,5.684691594519323,15.60712166172107,5.391274616278654
96,Canberra,2014,6.688705234159779,21.493388429752066,1.4831024930747922,,,40.42016806722689,0.2809917355371901,0.01652892561983471,4.550991016986103,14.804683195592288,5.453125729069272
97,Canberra,2015,6.416897506925208,21.02105263157895,1.5240223463687153,,,39.37784090909091,0.27146814404432135,0.013850415512465374,5.181634614367381,14.60415512465374,4.9692453505182534
98,Canberra,2016,7.588524590163935,21.19344262295082,2.153551912568306,,,41.82022471910113,0.3469945355191257,0.02459016393442623,6.2822843726142805,13.604918032786884,5.078817451493186
99,Canberra,2017,7.985057471264368,23.43505747126437,1.0151162790697674,,,37.73988439306358,0.29310344827586204,0.011494252873563218,3.5175090017004065,15.450000000000001,4.663320779620637
100,Cobar,2009,13.7228021978022,26.372252747252748,1.040771349862259,7.118333333333333,9.031267605633802,37.65277777777778,0.19505494505494506,0.01098901098901099,4.050003950622876,12.649450549450549,3.924272805583771
101,Cobar,2010,12.491780821917809,24.28986301369863,1.8580821917808221,5.1365384615384615,8.024615384615384,34.889502762430936,0.2410958904109589,0.0273972602739726,6.273117391410171,11.798082191780823,3.655084016688279
102,Cobar,2011,12.842469879518072,25.707228915662647,0.8870090634441088,6.490251572327044,,36.475155279503106,0.21686746987951808,0.006024096385542169,2.9076149441688406,12.86475903614458,3.564696688292759
103,Cobar,2012,11.38048048048048,24.717417417417415,1.119277108433735,6.016403785488959,,36.61329305135952,0.16516516516516516,0.015015015015015015,4.400850174148763,13.336936936936937,3.537014122482065
104,Cobar,2013,12.964391691394658,26.141246290801188,0.7940652818991099,7.476947040498442,,37.38392857142857,0.14836795252225518,0.005934718100890208,3.5113371361663406,13.176854599406528,3.9341073690604538
105,Cobar,2014,13.908310249307478,26.832967032967034,0.8526027397260274,7.419484240687679,,37.91168091168091,0.16164383561643836,0.010958904109589041,4.7523129208044805,12.994182825484764,3.5422598655901694
106,Cobar,2015,13.394520547945206,25.77753424657534,1.029041095890411,6.865722379603399,,36.972527472527474,0.2191780821917808,0.005479452054794521,3.6173164740704142,12.383013698630137,3.9273326115977913
107,Cobar,2016,13.192372881355933,25.311581920903954,1.6594285714285713,7.415523465703971,,36.440677966101696,0.2853107344632768,0.025423728813559324,5.3185418983667665,12.119209039548021,4.128896778527742
108,Cobar,2017,14.99479768786127,28.841040462427745,0.6325581395348837,,,35.73529411764706,0.16184971098265896,0.0,2.4545192528643764,13.846242774566475,3.246688883795259
109,CoffsHarbour,2009,14.403856749311295,24.072099447513814,6.29366391184573,4.041359773371105,7.698626373626374,39.86725663716814,0.38186813186813184,0.06593406593406594,25.783879467723033,9.681440443213296,3.7986421736989415
110,CoffsHarbour,2010,14.663013698630136,23.52986301369863,5.455890410958904,3.741176470588235,6.961538461538462,38.18836565096953,0.44931506849315067,0.06301369863013699,14.965298673383087,8.866849315068494,3.229452747124967
111,CoffsHarbour,2011,14.081791044776118,23.23641791044776,5.449253731343283,3.811764705882353,7.220245398773007,40.027027027027025,0.43582089552238806,0.07761194029850746,14.932783260614267,9.154626865671643,3.4490432277229037
112,CoffsHarbour,2012,13.630930930930932,23.223423423423423,5.309063444108761,3.7309815950920244,7.467073170731708,39.375757575757575,0.42342342342342343,0.06306306306306306,17.32718242930416,9.592492492492493,3.7723435683516984
113,CoffsHarbour,2013,14.078869047619047,23.98154761904762,4.971641791044776,3.940255591054313,7.613013698630137,39.84384384384384,0.3630952380952381,0.05952380952380952,19.405999488785092,9.902678571428572,3.5123524409588502
114,CoffsHarbour,2014,14.332944606413994,24.138483965014576,3.497626112759644,4.68348623853211,7.528888888888889,36.89565217391304,0.37026239067055394,0.05539358600583091,10.55642972948723,9.805539358600583,3.5252387730580885
115,CoffsHarbour,2015,13.909281437125747,23.718208955223883,5.293975903614458,,,38.89869281045752,0.4298507462686567,0.07164179104477612,16.540051906658167,9.805988023952095,3.534280012543341
116,CoffsHarbour,2016,14.396721311475408,24.76060606060606,2.983879781420765,,,39.17765042979943,0.35792349726775957,0.0273224043715847,14.146719924847705,10.379889807162535,3.6140621593563407
117,CoffsHarbour,2017,17.01534090909091,25.074857142857145,7.430681818181818,,,39.4367816091954,0.5227272727272727,0.10795454545454546,19.69987589782257,8.047428571428572,2.9609104134016744
118,Dartmoor,2009,7.879054054054054,18.84271523178808,2.483720930232558,2.8741721854304636,6.3344370860927155,42.69867549668874,0.6158940397350994,0.013245033112582781,4.664865211542608,10.80135135135135,5.337300612545274
119,Dartmoor,2010,8.525205479452055,19.431506849315067,2.2756164383561646,3.0608219178082194,6.316438356164384,40.87123287671233,0.5698630136986301,0.019178082191780823,4.6165948235213605,10.906301369863014,5.325750090814044
120,Dartmoor,2011,8.98179104477612,19.247761194029852,2.648955223880597,3.0948170731707316,6.3528700906344415,38.47604790419162,0.5223880597014925,0.023880597014925373,6.797039936559644,10.26597014925373,4.805284036325525
121,Dartmoor,2012,8.306865671641791,19.50865671641791,2.071641791044776,3.5291291291291293,6.549244712990937,38.81981981981982,0.5462686567164179,0.014925373134328358,4.592952358593344,11.201791044776119,5.386053993498176
122,Dartmoor,2013,8.529376854599407,19.471513353115725,2.3893175074183977,3.3716417910447762,6.077014925373134,38.92261904761905,0.5222551928783383,0.008902077151335312,4.7113722419126685,10.942136498516321,5.481669036141174
123,Dartmoor,2014,8.617032967032968,20.48846153846154,1.6953168044077134,3.6585635359116027,6.687777777777778,37.09065934065934,0.46153846153846156,0.01098901098901099,4.430339285414617,11.87142857142857,5.88131534011484
124,Dartmoor,2015,8.41095890410959,19.992328767123286,1.5468493150684932,3.563085399449036,6.389315068493151,38.31780821917808,0.5150684931506849,0.005479452054794521,4.316353033227407,11.581369863013698,6.070088190940273
125,Dartmoor,2016,8.941369863013698,19.492328767123286,2.3835164835164835,3.927210884353741,6.9071428571428575,39.11780821917808,0.5671232876712329,0.021917808219178082,5.4900614183393275,10.550958904109589,5.246770897152606
126,Dartmoor,2017,9.921142857142858,21.501142857142856,1.7367816091954023,,,33.62285714285714,0.4514285714285714,0.02857142857142857,4.520514957174828,11.58,5.635437952771747
127,Darwin,2008,22.87826086956522,32.99945652173913,2.731521739130435,6.778443113772455,8.701086956521738,40.205555555555556,0.21195652173913043,0.04891304347826087,8.454409129988315,10.121195652173913,3.0031925971736624
128,Darwin,2009,23.376712328767123,32.672876712328765,4.773698630136986,6.363636363636363,8.393972602739726,39.815426997245176,0.3232876712328767,0.06027397260273973,15.834888756852502,9.296164383561644,2.5194597744995644
129,Darwin,2010,23.893424657534247,32.616164383561646,6.184109589041095,6.23646408839779,8.054395604395605,41.574175824175825,0.410958904109589,0.09863013698630137,15.477018396625878,8.722739726027397,2.1423395732018107
130,Darwin,2011,22.19014925373134,31.628059701492536,7.441791044776119,5.924924924924925,8.002694610778443,41.69879518072289,0.3880597014925373,0.1044776119402985,26.195079697824337,9.437910447761196,3.034121590228664
131,Darwin,2012,22.26686567164179,32.170149253731346,4.5337313432835815,6.275757575757575,8.771044776119403,40.017910447761196,0.26865671641791045,0.07164179104477612,17.982154230401065,9.903283582089552,2.731040461102461
132,Darwin,2013,23.41008902077151,32.685756676557865,4.0385756676557865,6.4444776119402984,8.534718100890208,41.174311926605505,0.31750741839762614,0.06824925816023739,11.68081690976814,9.27566765578635,2.4745733607614104
133,Darwin,2014,22.976712328767125,32.63780821917808,4.239452054794521,6.584022038567493,8.954246575342466,40.83238636363637,0.2958904109589041,0.057534246575342465,12.862270394410594,9.661095890410959,2.7944546547945333
134,Darwin,2015,23.109340659340656,32.60794520547945,4.7775342465753425,6.476388888888889,8.827472527472526,41.21508379888268,0.2821917808219178,0.0821917808219178,14.721115859374084,9.504395604395604,2.725066262511251
135,Darwin,2016,24.181147540983606,33.235245901639345,3.702185792349727,6.356944444444444,8.78743169398907,39.69041095890411,0.3333333333333333,0.060109289617486336,10.131688827480515,9.054098360655738,2.347361592318745
136,Darwin,2017,23.832571428571427,32.012,9.937142857142858,5.556363636363636,7.557714285714285,38.417142857142856,0.4514285714285714,0.15428571428571428,24.408759094338485,8.179428571428572,2.459541522149806
137,GoldCoast,2008,20.417241379310347,29.743333333333332,4.227586206896552,,,43.9,0.43333333333333335,0.03333333333333333,6.816937757827093,9.306896551724137,2.2327003244762293
138,GoldCoast,2009,17.230027548209367,26.242424242424242,3.506371191135734,,,42.391184573002754,0.3443526170798898,0.05234159779614325,12.696866996129014,9.012396694214877,2.5208271766135977
139,GoldCoast,2010,17.50631868131868,25.43021978021978,5.569146005509642,,,42.02197802197802,0.4642857142857143,0.07417582417582418,16.472066966615234,7.9239010989011,2.549111042824326
140,GoldCoast,2011,16.66238805970149,25.169850746268654,3.1086567164179106,,,42.63663663663664,0.4,0.04477611940298507,8.392776494818813,8.507462686567164,2.5990620966583644
141,GoldCoast,2012,16.688955223880598,25.09131736526946,4.2835820895522385,,,43.829850746268654,0.34328358208955223,0.05970149253731343,16.465196437244334,8.377245508982035,2.553927121385052
142,GoldCoast,2013,17.15994065281899,25.553115727002965,3.6943620178041545,,,43.75074183976261,0.3560830860534125,0.050445103857566766,11.914976481182174,8.393175074183976,2.5189958686984215
143,GoldCoast,2014,17.56610644257703,25.902240896358546,2.36676217765043,,,42.625748502994014,0.35294117647058826,0.03081232492997199,9.121657700167505,8.336134453781513,2.3108828177996688
144,GoldCoast,2015,17.305714285714284,25.77257142857143,4.126567164179105,,,41.8051948051948,0.39714285714285713,0.05142857142857143,13.599470924923542,8.466857142857144,2.449264870037972
145,GoldCoast,2016,17.559763313609466,26.01153846153846,2.5375796178343952,,,40.19444444444444,0.3224852071005917,0.020710059171597635,10.354578953542356,8.451775147928993,2.360106077502875
146,GoldCoast,2017,18.84502923976608,26.666666666666668,4.619277108433734,,,43.08982035928144,0.38596491228070173,0.05847953216374269,14.496398364244367,7.821637426900585,2.037053728132096
147,Hobart,2008,7.32391304347826,16.532608695652176,1.3369565217391304,3.7369565217391307,7.169444444444444,49.247191011235955,0.46195652173913043,0.0,3.008247947551249,9.208695652173914,3.1872235437438645
148,Hobart,2009,9.096438356164382,17.58164383561644,2.3698630136986303,3.3065934065934064,6.512121212121213,48.08539944903581,0.4931506849315068,0.0273972602739726,6.041802295770955,8.485205479452054,3.4389735042025644
149,Hobart,2010,9.011232876712329,18.194794520547948,1.4263013698630138,3.5142857142857142,6.85521978021978,45.90384615384615,0.40821917808219177,0.00821917808219178,4.598514902066871,9.183561643835617,3.206947030723368
150,Hobart,2011,8.95568862275449,17.452694610778444,1.6978978978978978,3.279279279279279,6.5341317365269465,46.734939759036145,0.5149700598802395,0.011976047904191617,3.7822542716065417,8.497005988023952,3.444452826391633
151,Hobart,2012,8.977014925373135,17.69313432835821,1.3570149253731345,3.2644776119402983,6.21044776119403,46.832835820895525,0.43283582089552236,0.008955223880597015,3.776424272272345,8.716119402985075,3.373759676823133
152,Hobart,2013,9.024629080118695,17.667359050445103,1.7400593471810089,3.6035608308605345,6.265578635014837,49.74777448071217,0.44807121661721067,0.01483679525222552,4.485462363627081,8.642729970326409,3.5224216712147283
153,Hobart,2014,9.312396694214875,18.282644628099174,1.3407202216066483,3.616298342541436,6.6386740331491705,46.294765840220386,0.4022038567493113,0.011019283746556474,3.6132669938338124,8.970247933884297,3.604830506006212
154,Hobart,2015,8.7,17.62258953168044,1.4637119113573407,3.963888888888889,6.785277777777777,47.83379501385041,0.44352617079889806,0.013774104683195593,5.017174566216079,8.92258953168044,3.4590320420699943
155,Hobart,2016,9.756284153005465,18.221584699453555,1.8950819672131147,3.877049180327869,6.390410958904109,49.646408839779006,0.46174863387978143,0.01092896174863388,4.385071545484337,8.465300546448088,3.3905789366806838
156,Hobart,2017,10.444886363636364,19.58685714285714,0.9227272727272727,4.1477272727272725,6.764942528735632,44.14942528735632,0.3125,0.005681818181818182,3.139999172801612,9.121714285714285,3.434056518284427
157,Katherine,2013,20.29280821917808,35.03120805369127,2.685430463576159,7.6082758620689654,,39.466887417218544,0.1513157894736842,0.03618421052631579,12.320155526863774,14.7993031358885,3.736532862743316
158,Katherine,2014,20.05492957746479,34.91772853185596,3.0610027855153206,7.275942028985507,,39.650704225352115,0.2154696132596685,0.03867403314917127,10.143761882894516,14.85762711864407,4.159648467516635
159,Katherine,2015,19.916901408450705,34.752941176470586,3.0127777777777776,7.283815028901733,,38.8728813559322,0.18232044198895028,0.04696132596685083,12.074686478074474,14.821142857142856,4.123718362278856
160,Katherine,2016,21.684285714285714,35.769101123595505,2.011797752808989,7.458160237388724,,37.28045325779037,0.20498614958448755,0.036011080332409975,7.7820397140527025,14.093063583815029,3.532221599479489
161,Katherine,2017,20.892638036809817,33.43090909090909,6.748809523809523,6.784516129032258,,38.461077844311376,0.3411764705882353,0.12352941176470589,15.189454221016751,12.44367088607595,3.798347504324156
162,Launceston,2008,9.564516129032258,20.822580645161292,1.761290322580645,8.039130434782608,,45.096774193548384,0.5483870967741935,0.0,3.7171384531074296,11.258064516129032,3.719029819146242
163,Launceston,2009,8.171074380165289,18.892857142857142,2.0504109589041097,5.801694915254237,,39.047486033519554,0.3835616438356164,0.0136986301369863,4.544442457357253,10.719060773480663,3.6672687462521982
164,Launceston,2010,7.976712328767123,18.96153846153846,2.284657534246575,,,34.14520547945205,0.3780821917808219,0.021917808219178082,5.286919916532079,10.98021978021978,3.4008982699387933
165,Launceston,2011,7.6719402985074625,18.53283582089552,2.0680597014925373,,,34.59939759036145,0.373134328358209,0.023880597014925373,5.426561487467307,10.86089552238806,3.6060651384112465
166,Launceston,2012,7.22,18.539402985074627,1.7223880597014924,,,34.309309309309306,0.39104477611940297,0.008955223880597015,4.383810065146774,11.319402985074626,3.6025788669792402
167,Launceston,2013,7.397597597597598,18.53343373493976,2.599696048632219,,,36.26234567901235,0.3663663663663664,0.03303303303303303,6.791482732968548,11.109638554216868,3.943463426539508
168,Launceston,2014,7.572576177285318,19.374515235457064,1.61536312849162,,,34.16480446927374,0.3296398891966759,0.013850415512465374,4.636714252080174,11.801939058171746,3.5000034296250173
169,Launceston,2015,7.276712328767124,18.83890410958904,1.3967123287671233,,,36.06353591160221,0.31232876712328766,0.0027397260273972603,3.9076060146743306,11.562191780821918,3.6006326697484328
170,Launceston,2016,8.591256830601093,18.96393442622951,2.7601092896174864,,,36.785714285714285,0.39617486338797814,0.030054644808743168,7.838957436206245,10.372677595628415,3.7631110620912676
171,Launceston,2017,8.987719298245615,20.55,1.2666666666666666,,,33.02325581395349,0.27325581395348836,0.005813953488372093,3.5255204038052397,11.6,3.776459593167061
172,Melbourne,2008,10.232065217391305,19.419021739130436,1.3391304347826087,4.746739130434783,6.451086956521739,50.505434782608695,0.42391304347826086,0.010869565217391304,3.895098686200842,9.18695652173913,4.051235186164638
173,Melbourne,2009,11.972328767123287,21.555342465753423,1.2734246575342465,5.065753424657534,6.892602739726028,48.01933701657459,0.3315068493150685,0.005479452054794521,3.782707988071074,9.583013698630138,4.3543633178293675
174,Melbourne,2010,12.03945205479452,20.96849315068493,2.1276712328767124,4.247671232876713,6.14478021978022,45.29945054945055,0.3917808219178082,0.024657534246575342,5.871838761501019,8.92904109589041,3.9388987710432826
175,Melbourne,2011,11.91067615658363,20.797153024911033,2.64251968503937,3.9245551601423485,6.083274021352313,45.93115942028985,0.3701067615658363,0.03202846975088968,7.972427977432109,8.886476868327401,3.790235863420096
176,Melbourne,2012,11.818076923076923,20.710384615384616,2.118552036199095,4.4799999999999995,6.456538461538462,48.43629343629344,0.35,0.015384615384615385,4.8318893051794145,8.892307692307693,3.810980181471682
177,Melbourne,2013,11.982264150943397,21.220000000000002,2.057894736842105,4.861886792452831,6.714716981132076,48.08301886792453,0.35094339622641507,0.011320754716981131,5.81804718796452,9.237735849056603,4.392505084209745
178,Melbourne,2014,12.466319444444444,21.851041666666667,1.5890196078431371,5.077083333333333,6.699652777777778,47.39298245614035,0.2951388888888889,0.006944444444444444,4.3356647924542555,9.384722222222223,4.251186666788551
179,Melbourne,2015,16.54,30.579999999999995,1.12,11.96,9.48,56.2,0.4,0.0,2.394159560263267,14.040000000000001,6.678922068717377
180,Melbourne,2016,10.30408163265306,18.212244897959184,1.8710204081632653,4.001626016260163,5.746747967479675,38.3089430894309,0.5447154471544715,0.012195121951219513,3.7660281752523983,7.908163265306122,4.093409173508041
181,Melbourne,2017,12.800568181818182,22.26875,1.4636363636363638,4.8625,7.046022727272727,32.19428571428571,0.30113636363636365,0.022727272727272728,4.6093614511137,9.468181818181819,4.375465244279299
182,MelbourneAirport,2009,9.943561643835617,20.91835616438356,1.0898630136986303,5.065753424657534,6.892602739726028,48.01933701657459,0.3452054794520548,0.005479452054794521,3.938208332642281,10.974794520547945,4.854144063249781
183,MelbourneAirport,2010,9.91972602739726,19.954794520547946,1.992876712328767,4.247671232876713,6.14478021978022,45.29945054945055,0.40273972602739727,0.0273972602739726,5.961456207034046,10.035068493150685,4.495843967050571
184,MelbourneAirport,2011,9.849850746268656,19.80089552238806,1.8907462686567162,3.9665671641791045,5.954925373134329,45.64545454545455,0.3701492537313433,0.020895522388059702,5.7924691231988525,9.951044776119403,4.3470952289001925
185,MelbourneAirport,2012,9.363582089552239,19.615522388059702,1.3814925373134328,4.299701492537314,6.248358208955223,47.790419161676645,0.41492537313432837,0.008955223880597015,3.526055816624311,10.251940298507463,4.380678945138203
186,MelbourneAirport,2013,9.716023738872405,20.130267062314537,1.4973293768545994,4.683086053412463,6.448367952522255,48.311572700296736,0.3768545994065282,0.011869436201780416,5.315343803678842,10.414243323442136,4.749583826394776
187,MelbourneAirport,2014,10.339178082191781,21.115890410958905,1.1030136986301369,4.973150684931507,6.416986301369863,47.20441988950276,0.336986301369863,0.0027397260273972603,3.2568637095124666,10.776712328767124,5.227776630861604
188,MelbourneAirport,2015,9.69013698630137,20.828219178082193,1.0997260273972602,5.05068870523416,6.46986301369863,47.12054794520548,0.35342465753424657,0.010958904109589041,3.5746858667038044,11.138082191780823,5.248427461383245
189,MelbourneAirport,2016,10.342896174863387,20.434972677595628,1.6792349726775957,4.684383561643836,6.113114754098361,48.275956284153004,0.4344262295081967,0.01092896174863388,4.738828878442133,10.09207650273224,4.832749868631878
190,MelbourneAirport,2017,11.105113636363637,22.523295454545455,1.2750000000000001,4.8625,7.046022727272727,42.195402298850574,0.32954545454545453,0.017045454545454544,4.119396627107978,11.418181818181818,4.70034759698339
191,Mildura,2009,11.183561643835617,25.17315068493151,0.6383561643835617,6.6309589041095895,8.832602739726028,38.895890410958906,0.2,0.0027397260273972603,2.736938518713201,13.98958904109589,4.656609516943219
192,Mildura,2010,10.769589041095891,23.572328767123288,1.6197260273972605,5.30521978021978,8.18732782369146,36.57692307692308,0.25753424657534246,0.0136986301369863,5.383393771234033,12.802739726027397,4.452600567526743
193,Mildura,2011,10.621492537313433,24.119701492537313,1.9176119402985075,4.961077844311378,8.09731343283582,36.709580838323355,0.21791044776119403,0.026865671641791045,11.207392514528395,13.498208955223879,4.2714618111498055
194,Mildura,2012,9.503283582089551,24.04746268656716,0.6214925373134328,5.578899082568808,8.446769230769231,38.10179640718563,0.15522388059701492,0.005970149253731343,2.925791388785716,14.544179104477612,4.151367334537943
195,Mildura,2013,10.335119047619047,25.01458333333333,0.5964179104477613,6.245508982035928,8.688988095238095,37.729166666666664,0.17857142857142858,0.002976190476190476,2.448215592080689,14.679464285714285,4.7281842476068645
196,Mildura,2014,10.847123287671232,25.783287671232877,0.7046575342465753,6.365,8.931741573033708,36.75068493150685,0.1589041095890411,0.00821917808219178,3.545823298355997,14.936164383561643,4.523771957134507
197,Mildura,2015,10.715384615384616,25.101373626373626,0.6754820936639118,6.400862068965517,8.580473372781064,36.41208791208791,0.16483516483516483,0.0027472527472527475,3.7387074134381355,14.385989010989011,4.714627184357443
198,Mildura,2016,11.098360655737705,24.788251366120218,0.9797814207650274,5.776219512195122,8.034421364985162,38.095628415300546,0.23770491803278687,0.01366120218579235,3.628339890783542,13.689890710382514,4.804174154117598
199,Mildura,2017,12.091477272727273,26.961363636363636,0.5920454545454545,6.328461538461539,8.209166666666667,33.36,0.14204545454545456,0.005681818181818182,2.984712346643776,14.869886363636363,4.713415745190845
200,Moree,2009,12.893150684931507,27.55890410958904,1.4767123287671233,6.9791780821917815,8.999178082191781,40.33791208791209,0.16712328767123288,0.024657534246575342,6.147887168292119,14.665753424657535,4.204001860409947
201,Moree,2010,12.836712328767122,25.396164383561644,1.7868493150684932,5.39171270718232,7.521369863013699,37.46742209631728,0.2821917808219178,0.021917808219178082,4.969383426474515,12.55945205479452,4.261545368724875
202,Moree,2011,12.437650602409638,25.951051051051053,2.3462235649546828,6.367092651757189,8.749174917491748,38.9483282674772,0.24024024024024024,0.03003003003003003,9.065212023370172,13.493072289156625,3.9749723312286607
203,Moree,2012,11.092,25.516615384615385,1.70375,6.326470588235295,9.081694915254237,37.96166134185304,0.1753846153846154,0.021538461538461538,8.245510890373023,14.424615384615384,4.444133001908414
204,Moree,2013,11.938670694864047,27.24380664652568,1.3750759878419452,7.163076923076923,9.52391304347826,39.6625386996904,0.14803625377643503,0.015105740181268883,6.762467172973903,15.305135951661631,4.246717544846085
205,Moree,2014,13.501273885350317,28.025159235668788,1.0054794520547945,11.56283185840708,9.670918367346939,41.88424437299035,0.14968152866242038,0.01592356687898089,4.221167096831176,14.523885350318471,3.882191198021494
206,Moree,2015,12.948474576271186,27.292203389830508,1.6847583643122677,11.667005076142132,9.143037974683544,40.96917808219178,0.20677966101694914,0.01694915254237288,6.518237191101137,14.34372881355932,3.4579917780544425
207,Moree,2016,13.076790830945558,26.80457142857143,1.4441860465116279,9.809859154929578,10.159183673469387,40.43302180685358,0.22285714285714286,0.025714285714285714,4.632842691643979,13.712893982808023,4.4859397127629945
208,Moree,2017,15.716477272727273,29.667613636363637,1.5102272727272728,,,41.69318181818182,0.1875,0.028409090909090908,6.5796142270366715,13.951136363636364,3.1187724441583677
209,MountGambier,2008,10.587096774193547,20.361290322580647,3.819354838709677,4.5,7.264516129032257,45.61290322580645,0.45161290322580644,0.03225806451612903,14.182181763392135,9.774193548387096,4.827212290196449
210,MountGambier,2009,8.884383561643837,19.99342465753425,2.174246575342466,3.4608219178082194,6.970410958904109,43.451790633608816,0.5150684931506849,0.0136986301369863,4.882047714237184,11.109041095890412,5.582709808260821
211,MountGambier,2010,8.493150684931507,19.34931506849315,2.2224657534246575,3.0608219178082194,6.316438356164384,41.52472527472528,0.5561643835616439,0.010958904109589041,4.79271877372502,10.856164383561644,5.165922422801012
212,MountGambier,2011,8.938507462686568,19.295223880597014,2.359402985074627,3.0948170731707316,6.3528700906344415,41.18318318318318,0.5164179104477612,0.026865671641791045,6.7490180879508745,10.356716417910448,4.800150443020288
213,MountGambier,2012,8.51044776119403,19.601492537313433,1.8059701492537314,3.5291291291291293,6.549244712990937,43.7969696969697,0.573134328358209,0.005970149253731343,3.6517521262978176,11.091044776119404,5.165214470081681
214,MountGambier,2013,8.689317507418398,19.46439169139466,2.427299703264095,3.3716417910447762,6.077014925373134,44.51343283582089,0.5727002967359051,0.017804154302670624,4.80696073998363,10.77507418397626,5.246441714545511
215,MountGambier,2014,8.83095890410959,20.472602739726028,1.7517808219178082,3.6545454545454543,6.675069252077562,42.622478386167145,0.4575342465753425,0.010958904109589041,4.558011706990204,11.641643835616438,5.799575347683464
216,MountGambier,2015,8.53972602739726,20.03178082191781,1.4235616438356165,3.563085399449036,6.389315068493151,43.72054794520548,0.5013698630136987,0.00821917808219178,3.6551925167887522,11.492054794520548,5.9430647916599755
217,MountGambier,2016,8.968870523415978,19.439118457300275,2.5305555555555554,3.9479729729729724,6.95929203539823,43.98314606741573,0.5509641873278237,0.01928374655647383,5.989308926538837,10.470247933884297,5.186062568652956
218,MountGambier,2017,10.105357142857143,21.65297619047619,1.8378048780487803,,,38.423312883435585,0.44970414201183434,0.011834319526627219,5.512665622767475,11.559880239520957,5.306986301096781
219,MountGinini,2008,5.787096774193548,15.59032258064516,3.1548387096774193,,,,0.5483870967741935,0.03225806451612903,8.59002672520784,9.803225806451612,2.7613383072908375
220,MountGinini,2009,3.69198717948718,11.797575757575757,2.848780487804878,,,51.28217821782178,0.45348837209302323,0.0377906976744186,6.423508885192752,8.064590163934426,3.9433978693284284
221,MountGinini,2010,3.5143382352941175,11.269759450171822,5.8745901639344265,,,46.82014388489208,0.436426116838488,0.09621993127147767,13.31113622377777,7.920220588235295,3.6010857253536424
222,MountGinini,2011,3.3570987654320987,11.015030674846626,4.10314465408805,,,44.782208588957054,0.4601226993865031,0.06441717791411043,11.099819087300805,7.7253086419753085,3.475305394129239
223,MountGinini,2012,2.8292604501607714,10.845222929936305,3.8440000000000003,,,45.72292993630573,0.60828025477707,0.054140127388535034,11.344124523470873,8.102893890675242,3.402839135049888
224,MountGinini,2013,3.183132530120482,11.767267267267266,2.4515151515151516,,,47.945945945945944,0.4294294294294294,0.036036036036036036,7.156667187688138,8.612349397590362,4.010831018708476
225,MountGinini,2014,3.9850828729281766,12.438397790055248,2.4299999999999997,,,45.08659217877095,0.3370165745856354,0.027624309392265192,6.419433413330914,8.453314917127072,3.921671099970263
226,MountGinini,2015,3.5104109589041093,11.650684931506849,2.2745205479452055,,,44.19178082191781,0.3452054794520548,0.03287671232876712,6.24638203878367,8.140273972602738,3.5233436497428623
227,MountGinini,2016,3.8306849315068496,11.69205479452055,3.763186813186813,,,47.854395604395606,0.4301369863013699,0.052054794520547946,9.293480445826555,7.8613698630136986,3.744551101732338
228,MountGinini,2017,5.523863636363637,14.090909090909092,1.8818181818181818,,,42.36571428571428,0.3125,0.017045454545454544,7.5083579403914245,8.567045454545454,3.4372986599831656
229,Newcastle,2008,17.335714285714285,28.282758620689656,1.4516129032258065,,,,0.1935483870967742,0.03225806451612903,5.602610758550692,10.876923076923077,4.299610000203059
230,Newcastle,2009,13.930498533724341,24.359593023255815,2.7279452054794517,,,,0.29041095890410956,0.03287671232876712,10.508582959712744,10.347706422018348,4.208476612529783
231,Newcastle,2010,14.286601307189542,23.73373493975904,2.881284916201117,,,,0.41899441340782123,0.04748603351955307,7.766664492300557,9.740133779264214,3.7372954343015343
232,Newcastle,2011,13.341496598639456,23.418730158730156,3.79907120743034,,,,0.4074074074074074,0.07098765432098765,9.816554929681814,10.23006993006993,3.6775284409082567
233,Newcastle,2012,12.117993079584775,23.064495114006515,2.7716129032258063,,,,0.3113207547169811,0.03773584905660377,7.7975413504390625,10.70752688172043,3.972782487906583
234,Newcastle,2013,12.892,24.4375,3.4885448916408666,,,,0.345679012345679,0.04938271604938271,12.758809843454273,11.626643598615917,4.270686926063965
235,Newcastle,2014,13.68259587020649,24.071428571428573,2.515211267605634,,,,0.43977591036414565,0.04201680672268908,6.408918102187815,10.385060975609756,3.5748000088542353
236,Newcastle,2015,13.73202416918429,23.97227138643068,3.6582857142857144,,,,0.4406779661016949,0.03672316384180791,14.75978728962714,10.176898734177216,4.003078720248495
237,Newcastle,2016,14.073076923076924,24.40216049382716,3.2673352435530085,,,,0.35127478753541075,0.039660056657223795,14.303052847285135,10.518771331058021,3.9792642147364536
238,Newcastle,2017,17.044186046511626,26.024,3.856363636363636,,,,0.45180722891566266,0.060240963855421686,10.512955369384464,9.485470085470086,3.880238727042292
239,Nhil,2013,8.457189542483661,20.8640522875817,1.1581699346405228,,,43.16339869281046,0.39215686274509803,0.0032679738562091504,4.442604676539558,12.406862745098039,5.237148388208582
240,Nhil,2014,8.877653631284916,22.960614525139665,0.6707865168539326,,,42.417366946778714,0.2988826815642458,0.0,2.131703134324316,14.082960893854748,5.711991921628753
241,Nhil,2015,8.748076923076924,22.643406593406596,0.6407713498622589,,,43.28021978021978,0.2857142857142857,0.005494505494505495,2.6181878638991156,13.89532967032967,5.402392608514095
242,Nhil,2016,9.225753424657535,21.946849315068494,1.2895604395604394,,,43.3041095890411,0.3643835616438356,0.005479452054794521,3.439040295396638,12.72109589041096,5.286850669776486
243,Nhil,2017,10.18125,24.352272727272727,0.9363636363636364,,,38.58857142857143,0.2897727272727273,0.005681818181818182,3.353878158386005,14.171022727272726,5.162436974867637
244,NorahHead,2009,15.479941860465118,22.595689655172414,2.504424778761062,,,45.086455331412104,0.35919540229885055,0.031609195402298854,6.501566348103547,7.103197674418604,2.9532343699086483
245,NorahHead,2010,15.456637168141594,22.224117647058822,3.274164133738602,,,42.12827988338192,0.4028985507246377,0.0463768115942029,8.14516735277338,6.7808259587020645,2.567701853194431
246,NorahHead,2011,15.032530120481928,22.100301204819278,3.9617021276595747,,,41.933734939759034,0.45180722891566266,0.0572289156626506,10.287115645964162,7.067771084337349,2.8769346048968854
247,NorahHead,2012,14.433033033033032,21.671471471471474,3.251963746223565,,,41.83783783783784,0.4084084084084084,0.05405405405405406,8.506109430707237,7.238438438438439,2.807374104284928
248,NorahHead,2013,15.023076923076923,22.872307692307693,3.7142857142857144,,,42.332307692307694,0.3384615384615385,0.04923076923076923,13.129211003538398,7.849230769230769,3.286012399988397
249,NorahHead,2014,15.357983193277311,22.485434173669468,3.258757062146892,,,41.9187675070028,0.44537815126050423,0.047619047619047616,8.873664421407893,7.127450980392157,2.520238853264916
250,NorahHead,2015,15.447701149425288,22.74137931034483,3.869767441860465,,,41.30172413793103,0.45689655172413796,0.05459770114942529,9.959229655919431,7.29367816091954,2.9052105093459053
251,NorahHead,2016,15.689315068493151,23.37123287671233,2.8285714285714283,,,40.467032967032964,0.36164383561643837,0.0410958904109589,8.591497952744845,7.681917808219178,2.7483764725714335
252,NorahHead,2017,17.332954545454545,24.01590909090909,4.273863636363636,,,43.77272727272727,0.5454545454545454,0.07386363636363637,9.512349799145253,6.682954545454546,2.5382433336422303
253,NorfolkIsland,2009,16.767582417582418,21.593424657534246,2.4673972602739727,4.842699724517907,7.282417582417583,43.07713498622589,0.4410958904109589,0.024657534246575342,8.315506174155011,4.837087912087912,1.4670948346845756
254,NorfolkIsland,2010,16.943561643835615,21.91178082191781,2.1460273972602737,4.810164835164835,7.032231404958678,42.99452054794521,0.5315068493150685,0.024657534246575342,5.977859042793754,4.968219178082191,1.3812235204221845
255,NorfolkIsland,2011,16.851796407185628,21.75179640718563,4.796996996996997,4.420245398773006,6.754954954954955,45.012084592145015,0.5658682634730539,0.06287425149700598,14.088869933924842,4.8999999999999995,1.3317107243892925
256,NorfolkIsland,2012,16.43761194029851,21.17313432835821,3.5850746268656715,4.423780487804878,6.575975975975976,44.137614678899084,0.573134328358209,0.0626865671641791,9.161799984799929,4.735522388059702,1.3156215757144218
257,NorfolkIsland,2013,16.233827893175075,21.29258160237389,2.859347181008902,4.401212121212121,7.2293768545994075,42.162079510703364,0.4658753709198813,0.03560830860534125,9.625501387123236,5.058753709198813,1.3606684681551708
258,NorfolkIsland,2014,16.521095890410958,21.5013698630137,3.0175342465753427,4.482044198895028,7.3123287671232875,40.50684931506849,0.4684931506849315,0.03561643835616438,10.144500997918206,4.980273972602739,1.3717098223825301
259,NorfolkIsland,2015,16.867397260273975,21.862465753424658,2.5704109589041098,4.553055555555555,7.116804407713499,42.31005586592179,0.5671232876712329,0.024657534246575342,6.987697281092482,4.9950684931506855,1.397968623670906
260,NorfolkIsland,2016,17.369855072463768,22.376231884057972,4.168934911242603,5.2605166051660515,6.379464285714286,41.450746268656715,0.6028985507246377,0.057971014492753624,12.464494835458403,5.006376811594203,1.4906939727492592
261,NorfolkIsland,2017,18.455555555555556,23.745098039215687,2.428368794326241,9.953846153846154,,41.90066225165563,0.45751633986928103,0.026143790849673203,5.7545798685064105,5.2895424836601315,1.3496180453183988
262,Nuriootpa,2009,9.675139664804469,22.170473537604455,1.3019283746556474,5.950974025974026,7.790311418685121,41.70473537604457,0.3241758241758242,0.0027472527472527475,3.333584606148066,12.55240793201133,5.739956755968763
263,Nuriootpa,2010,9.242659279778394,21.087603305785123,1.598082191780822,4.677840909090909,7.330985915492958,39.27298050139276,0.3589041095890411,0.00821917808219178,5.521618018540988,11.881615598885794,5.057335692825183
264,Nuriootpa,2011,9.620298507462687,21.215820895522388,1.8722388059701494,4.460479041916168,7.433734939759036,39.27950310559006,0.3611940298507463,0.023880597014925373,6.169810559329238,11.5955223880597,5.0147337657410835
265,Nuriootpa,2012,8.634626865671642,21.14776119402985,0.9423880597014925,4.7620481927710845,7.798489425981874,41.95166163141994,0.33432835820895523,0.0029850746268656717,2.8256619644928436,12.513134328358207,5.1406453056545915
266,Nuriootpa,2013,9.397005988023952,21.556716417910447,1.2756756756756757,5.08012048192771,7.756441717791411,41.852852852852855,0.3880597014925373,0.0029850746268656717,3.264464094182651,12.188323353293413,5.64286587812896
267,Nuriootpa,2014,9.362739726027398,22.155890410958904,1.3463013698630137,5.191977077363897,7.8709401709401705,40.20821917808219,0.336986301369863,0.010958904109589041,4.8513868830620455,12.793150684931506,5.543120891856607
268,Nuriootpa,2015,9.263736263736265,21.775549450549452,0.9575757575757576,5.367142857142857,7.594269340974212,40.5,0.3543956043956044,0.0027472527472527475,2.715581532027761,12.511813186813187,5.561234182168247
269,Nuriootpa,2016,9.281868131868132,21.468131868131866,1.9803867403314916,5.089014084507042,7.667251461988304,42.484848484848484,0.4010989010989011,0.02197802197802198,5.262460676413004,12.186263736263736,5.356320464832843
270,Nuriootpa,2017,10.244,23.888571428571428,0.9091428571428571,5.406547619047619,8.063529411764705,36.691428571428574,0.2571428571428571,0.005714285714285714,3.270299444467745,13.64457142857143,5.001627518369628
271,PearceRAAF,2009,12.145741324921135,26.567182662538702,1.515210355987055,,9.047852760736196,44.28896103896104,0.20489296636085627,0.012232415902140673,5.230367904210841,14.299363057324841,4.908335438975855
272,PearceRAAF,2010,11.706213017751478,26.43511904761905,0.9480597014925374,,9.238840579710144,43.10060975609756,0.1565217391304348,0.005797101449275362,4.0258209408668515,14.673952095808385,4.3717573597024675
273,PearceRAAF,2011,13.732542372881356,26.13491525423729,2.1115942028985506,,8.82457337883959,45.63805970149254,0.2635135135135135,0.02364864864864865,6.147804604025356,12.405442176870748,4.160824647735687
274,PearceRAAF,2012,12.414426229508196,25.85098684210526,1.3674740484429064,,8.855409836065574,44.707317073170735,0.26229508196721313,0.006557377049180328,3.8096980851758118,13.471710526315789,4.527647634704722
275,PearceRAAF,2013,12.067708333333334,25.949305555555554,2.149812734082397,,8.89930795847751,42.98168498168498,0.2768166089965398,0.020761245674740483,6.001048620971655,13.883275261324043,4.576536281954964
276,PearceRAAF,2014,12.583606557377049,26.461311475409836,1.6894736842105262,,8.842763157894737,42.21666666666667,0.21311475409836064,0.019672131147540985,5.7326371107146725,13.877704918032787,4.691835150950301
277,PearceRAAF,2015,12.540883977900553,26.84972375690608,1.385,,8.853591160220995,43.18333333333333,0.23204419889502761,0.008287292817679558,3.9727059742271598,14.308839779005526,4.83541062166134
278,PearceRAAF,2016,11.669252077562328,24.99696132596685,2.0428969359331477,,8.533149171270718,42.95543175487465,0.2983425414364641,0.016574585635359115,5.768266924836589,13.29224376731302,5.010372098221318
279,PearceRAAF,2017,13.184615384615384,28.04561403508772,1.6457831325301204,,9.026900584795321,41.54705882352941,0.1871345029239766,0.03508771929824561,6.709799278121772,14.864497041420117,5.143793637926633
280,Penrith,2008,16.513793103448275,29.436666666666667,2.413793103448276,,,41.5,0.3,0.03333333333333333,8.08613116647135,13.293103448275861,4.328058871602732
281,Penrith,2009,12.507042253521126,25.174789915966386,1.5274285714285716,,,36.030812324929975,0.38935574229691877,0.01680672268907563,4.825088649426662,12.675774647887323,5.218500245073293
282,Penrith,2010,12.224691358024693,23.971951219512196,2.2924590163934426,,,33.11145510835913,0.3719512195121951,0.027439024390243903,7.738079256384271,11.77037037037037,4.278224638135727
283,Penrith,2011,12.210153846153847,23.91932515337423,2.0795031055900624,,,31.15950920245399,0.4570552147239264,0.024539877300613498,6.046168355020302,11.690153846153846,4.625662612630535
284,Penrith,2012,11.282882882882882,23.543843843843845,2.6507552870090634,,,29.86186186186186,0.4264264264264264,0.03903903903903904,8.910998874591131,12.260960960960961,4.763494620704785
285,Penrith,2013,11.832738095238096,25.13660714285714,1.83044776119403,,,30.982142857142858,0.35119047619047616,0.020833333333333332,7.396400126335093,13.303869047619049,5.0501145162834105
286,Penrith,2014,12.74585635359116,25.111325966850828,1.932033426183844,,,31.46685082872928,0.35082872928176795,0.027624309392265192,5.623877073662056,12.36546961325967,4.684411104565976
287,Penrith,2015,12.631868131868131,24.298626373626377,2.625895316804408,,,30.13736263736264,0.4368131868131868,0.04120879120879121,7.735566953265847,11.666758241758242,4.614317094047855
288,Penrith,2016,13.130422535211268,25.340616246498602,2.2657142857142856,,,32.00281690140845,0.2773109243697479,0.03361344537815126,8.983354325220624,12.187887323943661,4.486117291026858
289,Penrith,2017,15.029824561403508,26.35672514619883,1.8658682634730541,,,29.116959064327485,0.30409356725146197,0.029239766081871343,5.451403847657207,11.326900584795322,4.581559108701869
290,Perth,2008,10.433695652173913,22.25191256830601,2.123913043478261,4.6869565217391305,8.608695652173912,37.119565217391305,0.391304347826087,0.02717391304347826,4.997865545836058,11.805464480874317,4.204546555054608
291,Perth,2009,12.705205479452054,24.961095890410956,1.6663013698630138,5.672876712328767,8.790384615384616,36.50958904109589,0.2958904109589041,0.01643835616438356,4.32319183661556,12.255890410958903,4.614769598744417
292,Perth,2010,12.303835616438356,25.270958904109587,1.3802739726027398,5.842739726027397,9.155890410958904,34.14520547945205,0.1780821917808219,0.0136986301369863,4.741336220465915,12.967123287671233,4.250024395357279
293,Perth,2011,13.882985074626866,25.516716417910448,2.511641791044776,5.8459701492537315,8.676204819277109,36.066066066066064,0.2955223880597015,0.03582089552238806,6.819456270363348,11.633731343283582,3.6886737290933307
294,Perth,2012,12.72268656716418,25.162985074626867,1.7552238805970148,5.316417910447761,8.746567164179105,34.68562874251497,0.2865671641791045,0.014925373134328358,4.593098297520476,12.440298507462687,4.485020300539927
295,Perth,2013,13.15192878338279,24.77240356083086,2.319287833827893,5.2648809523809526,8.618694362017804,34.35014836795252,0.3323442136498516,0.020771513353115726,6.000804665556696,11.62047477744807,4.079962915635768
296,Perth,2014,13.486027397260273,25.364383561643837,1.8476712328767122,5.81041095890411,8.803296703296704,34.342465753424655,0.28493150684931506,0.019178082191780823,6.163507127552905,11.878356164383563,4.257997973335628
297,Perth,2015,13.28876712328767,25.61287671232877,1.6926027397260273,5.8364383561643844,8.858082191780822,33.59178082191781,0.2493150684931507,0.01643835616438356,5.163574350705835,12.324109589041097,4.115231635829102
298,Perth,2016,12.653551912568306,24.151092896174863,1.9557377049180327,5.493715846994536,8.550546448087431,35.443835616438356,0.319672131147541,0.02185792349726776,5.208245031065218,11.497540983606559,4.250913773446203
299,Perth,2017,14.005681818181818,26.888636363636362,2.0738636363636362,6.025,9.075568181818182,32.48,0.20454545454545456,0.022727272727272728,10.418521905783887,12.882954545454545,4.657202632872695
300,PerthAirport,2009,12.290684931506851,25.50109589041096,1.6871232876712328,5.672876712328767,8.790384615384616,45.04432132963989,0.27123287671232876,0.01643835616438356,4.378816852925193,13.21041095890411,4.523479781776781
301,PerthAirport,2010,11.842739726027398,25.9813698630137,1.1649315068493151,5.842739726027397,9.155890410958904,43.575842696629216,0.13424657534246576,0.00821917808219178,5.557044614198895,14.138630136986302,4.165869075149515
302,PerthAirport,2011,13.527462686567164,25.84328358208955,2.4167164179104477,5.8459701492537315,8.676204819277109,46.190184049079754,0.2865671641791045,0.03582089552238806,6.095012781165758,12.31582089552239,3.863899456474211
303,PerthAirport,2012,12.245970149253731,25.128059701492536,1.8459701492537313,5.316417910447761,8.746567164179105,44.70858895705521,0.27761194029850744,0.01791044776119403,4.701143974583733,12.882089552238806,4.380588829706617
304,PerthAirport,2013,12.496142433234422,24.977448071216617,2.086053412462908,5.2648809523809526,8.618694362017804,43.34131736526946,0.2997032640949555,0.02373887240356083,5.618259043129823,12.481305637982196,4.163758112999519
305,PerthAirport,2014,12.782465753424658,25.638356164383563,1.7008219178082191,5.81041095890411,8.803296703296704,43.49862258953168,0.27945205479452057,0.019178082191780823,5.55831466903034,12.855890410958903,4.296420640210592
306,PerthAirport,2015,12.922465753424657,25.948219178082194,1.5841095890410961,5.8364383561643844,8.858082191780822,43.91340782122905,0.24383561643835616,0.01643835616438356,4.964784734556446,13.025753424657534,4.184159662571531
307,PerthAirport,2016,12.045628415300547,24.36448087431694,1.842622950819672,5.493715846994536,8.550546448087431,44.239669421487605,0.3087431693989071,0.01912568306010929,4.987956751349678,12.318852459016393,4.436103411110074
308,PerthAirport,2017,13.689204545454546,27.267613636363638,1.4511363636363634,6.025,9.075568181818182,42.71022727272727,0.18181818181818182,0.017045454545454544,7.0301797468291864,13.578409090909092,4.691669184870108
309,Portland,2009,9.170637119113573,18.04368131868132,2.3358904109589043,3.4608219178082194,6.970410958904109,42.7090395480226,0.5452054794520548,0.010958904109589041,4.52960343084298,8.82611111111111,4.764122695445386
310,Portland,2010,9.239285714285714,17.498626373626372,2.716253443526171,3.0615384615384618,6.309065934065934,40.852777777777774,0.6923076923076923,0.019230769230769232,4.787349266176682,8.25934065934066,4.122156166971202
311,Portland,2011,9.884451219512195,17.66174698795181,2.6699088145896654,3.0796923076923077,6.348170731707317,40.14153846153846,0.6024096385542169,0.018072289156626505,6.9558959237050075,7.824390243902439,4.007029327410798
312,Portland,2012,9.325602409638554,18.044744744744744,2.409667673716012,3.5347432024169185,6.541641337386018,43.546546546546544,0.6366366366366366,0.009009009009009009,4.721109610020786,8.712650602409639,4.581147123283186
313,Portland,2013,9.550892857142857,17.980059523809523,3.382089552238806,3.347005988023952,6.094311377245509,43.698507462686564,0.6458333333333334,0.02976190476190476,7.115769057058663,8.429166666666665,4.584566636420622
314,Portland,2014,9.710743801652892,18.519559228650138,2.1049723756906076,3.662049861495845,6.652924791086352,41.69146005509642,0.559228650137741,0.013774104683195593,5.731637196969426,8.808815426997246,4.734121990807772
315,Portland,2015,9.487362637362638,18.082967032967034,1.8523415977961433,3.570165745856354,6.38956043956044,42.02472527472528,0.5851648351648352,0.008241758241758242,3.6224001954237837,8.595604395604395,4.801989075657653
316,Portland,2016,9.756198347107437,17.855371900826448,3.0599999999999996,3.9285714285714284,6.914285714285714,43.95867768595041,0.6336088154269972,0.01928374655647383,6.048177975598315,8.099173553719009,4.221652209905278
317,Portland,2017,10.744886363636363,19.539772727272727,2.096590909090909,,,37.70857142857143,0.5568181818181818,0.017045454545454544,5.279262910967483,8.794886363636364,4.636344248113269
318,Richmond,2009,11.48374655647383,24.611019283746554,1.6011080332409973,5.673706896551724,,36.58126721763085,0.3140495867768595,0.02203856749311295,5.6203399355443056,13.127272727272727,5.501536701445158
319,Richmond,2010,11.348082595870206,23.764117647058825,2.0817610062893084,5.021052631578947,,33.52058823529412,0.3735294117647059,0.026470588235294117,5.659138561212712,12.424483775811208,4.816001061753102
320,Richmond,2011,11.190746268656717,23.432537313432835,2.0334328358208955,5.023004694835681,,34.525373134328355,0.37910447761194027,0.023880597014925373,6.154854359961066,12.24179104477612,5.117030074423474
321,Richmond,2012,9.725465838509317,23.306521739130435,2.4670926517571887,4.242592592592592,,33.80448717948718,0.3416149068322981,0.027950310559006212,7.654190877852036,13.58105590062112,5.376322395030621
322,Richmond,2013,10.532208588957054,24.932721712538225,1.614285714285714,5.343362831858407,,35.428134556574925,0.25382262996941896,0.01834862385321101,7.779270778779796,14.403067484662575,5.390537844584096
323,Richmond,2014,11.534285714285714,24.9590395480226,1.9202247191011237,5.633734939759036,,35.63687150837989,0.34444444444444444,0.027777777777777776,5.558653799440575,13.393999999999998,5.02201953692201
324,Richmond,2015,11.555068493150685,24.124657534246577,2.7884931506849315,5.322834645669292,,34.35989010989011,0.4273972602739726,0.0410958904109589,9.5603909972276,12.56958904109589,4.9395556475743785
325,Richmond,2016,11.787362637362639,25.31675824175824,2.216022099447514,5.523346303501945,,35.84254143646409,0.29945054945054944,0.03571428571428571,8.734918474317483,13.529395604395605,4.974717198389025
326,Richmond,2017,14.121714285714287,26.441142857142857,3.095402298850575,5.619811320754717,,32.777142857142856,0.44,0.05142857142857143,9.011224959501684,12.319428571428572,4.924973856548349
327,Sale,2009,8.02958904109589,20.854246575342465,1.033972602739726,4.0997214484679665,7.104335260115606,45.22099447513812,0.36712328767123287,0.0027397260273972603,2.811035327887564,12.824657534246576,4.880933436834862
328,Sale,2010,8.400824175824177,20.237534246575343,1.4246575342465753,3.696986301369863,6.508241758241758,42.359550561797754,0.44931506849315067,0.010958904109589041,4.258352517097138,11.822802197802197,4.697839824122157
329,Sale,2011,8.73731343283582,19.620059880239523,2.021492537313433,3.484179104477612,6.218862275449101,40.624242424242425,0.5164179104477612,0.023880597014925373,5.156707524787657,10.859880239520958,4.7121536028875335
330,Sale,2012,8.056417910447761,19.41044776119403,1.7391044776119404,3.5179012345679013,6.659752321981424,41.87987987987988,0.4955223880597015,0.020895522388059702,5.065238386710093,11.354029850746269,4.541891524669072
331,Sale,2013,8.153412462908012,20.052818991097922,1.535014836795252,3.83063063063063,6.72289156626506,44.38138138138138,0.4896142433234421,0.008902077151335312,4.560592988583537,11.89940652818991,4.853484229968456
332,Sale,2014,8.90958904109589,20.56082191780822,1.603835616438356,5.2593220338983055,7.257142857142857,41.184573002754824,0.44931506849315067,0.0136986301369863,4.8714560604328545,11.651232876712328,4.936801681096434
333,Sale,2015,8.404709141274237,20.000554016620498,1.4463687150837987,,,40.67251461988304,0.4155124653739612,0.013850415512465374,4.740997743720755,11.59584487534626,5.020165935535792
334,Sale,2016,9.130662983425415,20.414640883977903,1.700558659217877,,,43.211309523809526,0.3701657458563536,0.013812154696132596,4.537987772169398,11.283977900552486,4.808858132909156
335,Sale,2017,9.836571428571428,22.090857142857143,0.8011494252873563,,,42.990990990990994,0.30857142857142855,0.005714285714285714,2.848749619346704,12.254285714285714,4.538554054586542
336,SalmonGums,2009,9.181994459833794,24.016574585635357,0.8820936639118457,,,42.168508287292816,0.28296703296703296,0.005494505494505495,3.555492835897714,14.855710306406685,5.707318097946749
337,SalmonGums,2010,8.985,25.372585669781934,0.6232704402515723,,,42.02797202797203,0.2484472049689441,0.0,2.0475327915102093,16.43510971786834,5.625840753704049
338,SalmonGums,2011,9.84686567164179,24.043880597014926,1.0782089552238805,,,42.61492537313433,0.3074626865671642,0.005970149253731343,3.3776967160933182,14.197014925373134,5.380374910396418
339,SalmonGums,2012,8.615015015015016,23.872972972972974,0.9481927710843374,,,39.700906344410875,0.29429429429429427,0.006006006006006006,3.9733815666897025,15.257957957957958,5.197755369170929
340,SalmonGums,2013,9.411572700296736,23.71607142857143,1.3275964391691395,,,38.00892857142857,0.3590504451038576,0.005934718100890208,4.432668682202379,14.313095238095238,5.805299272615839
341,SalmonGums,2014,9.703581267217631,24.825619834710746,0.9933518005540167,,,39.333333333333336,0.2892561983471074,0.0027548209366391185,3.4928434947289526,15.122038567493114,5.655868631466699
342,SalmonGums,2015,9.509944751381216,24.488429752066114,1.028808864265928,,,37.853591160220994,0.3278236914600551,0.008264462809917356,3.333875117558659,14.977900552486188,5.688011206070844
343,SalmonGums,2016,8.778512396694214,23.34010989010989,1.038121546961326,,,39.333333333333336,0.3901098901098901,0.005494505494505495,2.829794939201035,14.530027548209365,6.019123001895389
344,SalmonGums,2017,10.018965517241378,25.00574712643678,1.6767441860465115,,,34.69590643274854,0.27011494252873564,0.022988505747126436,6.2251456577731865,14.9867816091954,5.763538772096817
345,Sydney,2008,13.702089552238805,21.727761194029853,3.0614925373134327,4.609393939393939,7.074328358208955,,0.3940298507462687,0.041791044776119404,8.086843986986162,8.025671641791044,2.98839032226471
346,Sydney,2009,15.106318681318681,22.89283746556474,2.6197260273972605,5.446005509641873,7.35303867403315,,0.33424657534246577,0.038356164383561646,7.557562614493219,7.799173553719008,3.1832650079250198
347,Sydney,2010,15.003055555555557,22.58314917127072,3.212256267409471,4.935754189944134,6.8986149584487535,45.857142857142854,0.4116022099447514,0.04696132596685083,8.861911794259033,7.579444444444444,2.806423138544789
348,Sydney,2011,14.762089552238807,22.560000000000002,3.4716417910447763,5.029573170731707,6.591044776119403,41.969418960244646,0.4716417910447761,0.04776119402985075,10.950060918679824,7.797910447761194,2.989807304243415
349,Sydney,2012,13.96686567164179,22.362089552238807,3.3719402985074622,4.828700906344411,7.356797583081571,41.0609756097561,0.3850746268656716,0.041791044776119404,10.471669255778334,8.395223880597015,3.1064412307954727
350,Sydney,2013,14.654302670623146,23.5026706231454,3.4985163204747773,5.436036036036036,7.787240356083086,42.671779141104295,0.3026706231454006,0.06231454005934718,10.509985226384016,8.848367952522256,3.275786711386094
351,Sydney,2014,15.0994459833795,23.437950138504156,2.5050279329608935,5.227932960893854,7.204166666666667,41.659217877094974,0.40166204986149584,0.030470914127423823,6.500775853226705,8.338504155124653,3.0087348726683225
352,Sydney,2015,14.927397260273972,23.146849315068494,3.666301369863014,5.201126760563381,7.049171270718232,41.101694915254235,0.4575342465753425,0.057534246575342465,11.462585518854743,8.21945205479452,3.141958115225647
353,Sydney,2016,15.424863387978142,23.84016393442623,3.785792349726776,5.864265927977839,7.578453038674033,41.55300859598854,0.3524590163934426,0.06284153005464481,11.881774476606074,8.415300546448087,3.0566587169921493
354,Sydney,2017,16.832386363636363,24.683522727272727,4.9193181818181815,5.252662721893492,6.6164772727272725,40.98285714285714,0.4318181818181818,0.08522727272727272,12.198663701565678,7.851136363636363,2.6852185574546255
355,SydneyAirport,2009,14.912054794520547,23.38602739726027,2.4027397260273973,5.446005509641873,7.35303867403315,48.410404624277454,0.3506849315068493,0.0273972602739726,7.661986454524967,8.473972602739726,3.5948004039587897
356,SydneyAirport,2010,14.871232876712329,22.853424657534248,2.8498630136986303,4.942382271468144,6.902747252747252,46.50704225352113,0.3698630136986301,0.038356164383561646,7.238999326213496,7.982191780821918,3.134597020288667
357,SydneyAirport,2011,14.66268656716418,22.603582089552237,3.1056716417910453,5.029573170731707,6.591044776119403,47.27469135802469,0.4,0.03880597014925373,10.326661502927735,7.940895522388059,3.386133104181137
358,SydneyAirport,2012,13.914626865671641,22.48597014925373,2.822686567164179,4.828700906344411,7.356797583081571,46.24,0.3373134328358209,0.041791044776119404,8.85103390254386,8.57134328358209,3.4898333503107675
359,SydneyAirport,2013,14.540949554896143,23.835905044510387,3.2830860534124633,5.436036036036036,7.787240356083086,48.14836795252226,0.2997032640949555,0.04451038575667656,10.826366843006866,9.294955489614244,3.7589660370447318
360,SydneyAirport,2014,15.11890410958904,23.60027397260274,2.7205479452054795,5.239226519337016,7.203846153846153,47.40821917808219,0.3589041095890411,0.0410958904109589,8.471525656673563,8.481369863013699,3.302535370978152
361,SydneyAirport,2015,14.904945054945054,23.393406593406596,3.045179063360882,5.191525423728813,7.068698060941829,46.75824175824176,0.37637362637362637,0.03571428571428571,9.464043478321537,8.48846153846154,3.5623264206754355
362,SydneyAirport,2016,15.314754098360655,24.12185792349727,3.4579234972677595,5.864265927977839,7.578453038674033,47.15890410958904,0.33060109289617484,0.06557377049180328,10.512465141324173,8.807103825136613,3.468473087944254
363,SydneyAirport,2017,16.558720930232557,24.743352601156072,3.6199999999999997,5.248795180722891,6.682080924855492,46.971098265895954,0.4508670520231214,0.05202312138728324,8.636475557724438,8.168023255813955,3.1358650912947503
364,Townsville,2008,25.548387096774192,32.035483870967745,5.767741935483872,8.639999999999999,9.59032258064516,39.61290322580645,0.3870967741935484,0.12903225806451613,15.367419802876778,6.487096774193549,1.3887024964534025
365,Townsville,2009,19.757534246575343,29.52849315068493,5.45041095890411,7.367887323943662,8.625205479452054,38.49315068493151,0.27123287671232876,0.0684931506849315,22.894945963133967,9.77095890410959,3.2909016118134207
366,Townsville,2010,21.263561643835615,28.975342465753425,5.496986301369863,6.0710227272727275,6.904931506849316,38.23756906077348,0.40821917808219177,0.07671232876712329,16.708578987208625,7.711780821917809,2.516319996633051
367,Townsville,2011,19.246107784431135,28.586526946107785,4.270870870870871,6.598761609907121,8.370658682634732,39.1631419939577,0.2934131736526946,0.05089820359281437,16.03922971660267,9.340419161676646,3.700492760514838
368,Townsville,2012,19.38507462686567,28.43522388059701,3.8811940298507466,6.629573170731708,8.225074626865672,37.68263473053892,0.23582089552238805,0.041791044776119404,16.011570621884825,9.050149253731345,3.101524394627745
369,Townsville,2013,20.08872403560831,29.434124629080117,1.8741839762611276,7.321686746987952,8.824629080118696,39.38278931750742,0.18694362017804153,0.02967359050445104,11.130356575679247,9.34540059347181,2.797455992951389
370,Townsville,2014,20.226301369863016,29.112054794520546,2.8416438356164386,7.44376731301939,8.936164383561643,39.14876033057851,0.2356164383561644,0.043835616438356165,14.475421288038744,8.885753424657535,2.8215156075501264
371,Townsville,2015,20.666849315068493,30.05123287671233,1.0893150684931507,8.508539944903582,9.218956043956043,40.50137741046832,0.19726027397260273,0.0136986301369863,5.853769408494133,9.384383561643835,2.723282292727453
372,Townsville,2016,21.567127071823204,30.09035812672176,2.6027700831024934,7.496901408450705,8.539166666666667,37.99152542372882,0.2231404958677686,0.03856749311294766,11.252678351534911,8.517403314917127,2.448777386793679
373,Townsville,2017,21.374418604651165,30.060693641618496,3.864705882352941,6.914482758620689,,38.22222222222222,0.3468208092485549,0.057803468208092484,12.768982443204958,8.71046511627907,2.4729899544004383
374,Tuggeranong,2008,12.167741935483871,24.925806451612903,3.393548387096774,,,43.935483870967744,0.2903225806451613,0.06451612903225806,10.828663675137726,12.758064516129032,3.48403733175066
375,Tuggeranong,2009,7.895316804407713,21.363085399449037,1.4421052631578948,,,37.34159779614325,0.25895316804407714,0.01652892561983471,4.631750329099261,13.467768595041322,5.167378791090624
376,Tuggeranong,2010,7.623615160349854,20.48110465116279,3.3704615384615386,,,33.97050147492625,0.2877906976744186,0.055232558139534885,10.681037256984464,12.875510204081634,4.515403877888568
377,Tuggeranong,2011,7.1632835820895515,20.12029850746269,2.6519402985074625,,,34.75223880597015,0.33134328358208953,0.03283582089552239,9.158788233854555,12.957014925373135,4.974738886694911
378,Tuggeranong,2012,5.281981981981982,19.251951951951952,2.391566265060241,,,33.93993993993994,0.26126126126126126,0.036036036036036036,8.757059540691788,13.96996996996997,4.883232838079988
379,Tuggeranong,2013,6.211676646706587,20.850898203592813,1.5450151057401813,,,36.20059880239521,0.24550898203592814,0.017964071856287425,6.790028177503117,14.639221556886227,5.334396346091239
380,Tuggeranong,2014,7.504178272980502,21.231197771587745,1.8815864022662891,,,35.187675070028014,0.26740947075208915,0.025069637883008356,6.6787762368290755,13.727019498607243,5.228442815614897
381,Tuggeranong,2015,7.088461538461538,20.49063360881543,1.9856749311294764,,,34.83102493074792,0.24725274725274726,0.03021978021978022,6.6222806385235815,13.409641873278236,4.9390752969071094
382,Tuggeranong,2016,7.8597222222222225,20.86138888888889,2.3881355932203387,,,35.70949720670391,0.3277777777777778,0.027777777777777776,7.139339636956442,13.001666666666667,5.078552586990717
383,Tuggeranong,2017,8.685714285714285,22.922285714285714,1.3977011494252873,,,32.48850574712644,0.28,0.011428571428571429,5.44581245522239,14.236571428571429,4.803618094523082
384,Uluru,2013,13.224918032786885,29.730491803278685,0.5552631578947369,,,40.75737704918033,0.1180327868852459,0.009836065573770493,3.7139784024794382,16.505573770491804,5.3302452929973345
385,Uluru,2014,14.071069182389937,30.92056074766355,0.5852564102564103,,,43.56875,0.12461059190031153,0.006230529595015576,2.6919746033779903,16.851886792452827,4.49309806066229
386,Uluru,2015,14.80635359116022,30.745580110497237,0.2573816155988858,,,42.52209944751381,0.09668508287292818,0.0,1.3509958449074366,15.939226519337016,4.429310265466987
387,Uluru,2016,14.689693593314765,29.632869080779948,1.3401129943502825,,,39.623880597014924,0.1615598885793872,0.016713091922005572,6.840143628588316,14.943175487465181,5.031876261885638
388,Uluru,2017,15.678735632183907,31.367241379310343,0.8335260115606936,,,39.346820809248555,0.14367816091954022,0.011494252873563218,3.703239899165722,15.688505747126438,4.017790647226143
389,WaggaWagga,2009,10.022191780821917,24.194246575342465,0.9906849315068493,6.021487603305785,8.360664819944597,39.470588235294116,0.2602739726027397,0.0027397260273972603,3.657300515004549,14.172054794520548,5.044705351643582
390,WaggaWagga,2010,9.868493150684932,22.110958904109587,2.792328767123288,4.435714285714285,7.910439560439561,34.98076923076923,0.3041095890410959,0.0410958904109589,9.433279078736588,12.242465753424657,4.419621515799441
391,WaggaWagga,2011,9.141492537313432,22.328955223880598,2.0883582089552237,4.325748502994012,7.967164179104477,36.021341463414636,0.3044776119402985,0.029850746268656716,6.579414593886624,13.187462686567164,4.698109998152584
392,WaggaWagga,2012,7.8,21.599402985074626,1.8071641791044775,4.1479041916167665,7.8994029850746275,35.11009174311926,0.2746268656716418,0.026865671641791045,7.411914426582143,13.799402985074627,4.353455465811662
393,WaggaWagga,2013,9.03026706231454,22.9540059347181,1.087240356083086,5.104451038575668,8.285756676557863,36.967359050445104,0.2433234421364985,0.011869436201780416,3.820821376700596,13.923738872403561,5.159258347235018
394,WaggaWagga,2014,9.886575342465752,23.708219178082192,1.3101369863013699,5.2745205479452055,8.33123287671233,36.62707182320442,0.2547945205479452,0.010958904109589041,3.979926449272997,13.821643835616438,5.1834900133937065
395,WaggaWagga,2015,9.804657534246575,22.857260273972603,1.7753424657534247,5.049586776859504,8.210773480662985,36.38904109589041,0.2684931506849315,0.0273972602739726,5.2933864195088915,13.052602739726026,4.531468125450128
396,WaggaWagga,2016,10.33492957746479,22.619436619718307,2.0985754985754985,5.721885521885522,9.40603448275862,37.17796610169491,0.3267605633802817,0.014084507042253521,5.500308897234587,12.284507042253521,5.051923834683914
397,WaggaWagga,2017,10.53051948051948,25.672727272727272,0.94,9.483333333333333,,35.824675324675326,0.18831168831168832,0.0,2.8817161154048763,15.142207792207794,4.049687835424273
398,Walpole,2009,11.532471264367816,20.182808022922636,2.7988505747126435,,,40.30372492836676,0.46285714285714286,0.03142857142857143,6.782295892978512,8.67636887608069,3.585441913244189
399,Walpole,2010,11.626801152737752,20.63919308357349,1.8758620689655172,,,37.62536023054755,0.46131805157593125,0.0057306590257879654,4.223413960231612,9.01159420289855,3.6954849979040265
400,Walpole,2011,12.313311688311689,20.919614147909968,3.226058631921824,,,40.90291262135922,0.5305466237942122,0.04180064308681672,6.65931740278693,8.622402597402596,3.607924422530259
401,Walpole,2012,12.482857142857144,21.650204081632655,2.8959349593495936,,,39.72244897959184,0.47368421052631576,0.032388663967611336,8.267797361082074,9.177366255144033,3.911144024474029
402,Walpole,2013,11.956441717791412,20.142813455657492,3.8652173913043475,,,41.98776758409786,0.5749235474006116,0.05198776758409786,7.381890452344377,8.196625766871165,3.3523935368140307
403,Walpole,2014,12.122128851540618,20.703081232493,2.49054441260745,,,40.55681818181818,0.49859943977591037,0.0196078431372549,5.444711342147988,8.58095238095238,3.6270482304076923
404,Walpole,2015,11.93887323943662,20.701971830985915,2.670144927536232,,,37.97134670487106,0.4647887323943662,0.03380281690140845,6.009900381471729,8.763098591549296,3.671175934831991
405,Walpole,2016,11.327220630372492,19.506590257879658,3.671216617210683,,,41.04733727810651,0.5441595441595442,0.02849002849002849,6.283702180941631,8.142363112391932,3.635576960137996
406,Walpole,2017,12.394767441860466,21.414534883720933,2.1928571428571426,,,36.04117647058823,0.5348837209302325,0.01744186046511628,4.888892107558712,9.019767441860466,3.744604532323163
407,Watsonia,2009,9.95917808219178,21.337260273972603,1.663013698630137,5.065753424657534,6.892602739726028,39.72451790633609,0.4575342465753425,0.01643835616438356,4.724855566410279,11.378082191780821,5.3409635756390355
408,Watsonia,2010,10.098626373626374,20.424725274725276,2.353168044077135,4.246703296703297,6.147658402203857,37.930747922437675,0.5,0.02197802197802198,6.047702604014215,10.3260989010989,4.7364718362676195
409,Watsonia,2011,10.071940298507462,20.170149253731342,2.8507462686567164,3.9665671641791045,5.954925373134329,36.532934131736525,0.5164179104477612,0.029850746268656716,8.321528481460781,10.09820895522388,4.52474200322272
410,Watsonia,2012,9.70089552238806,20.037910447761192,1.7988059701492538,4.299701492537314,6.248358208955223,38.38507462686567,0.4955223880597015,0.011940298507462687,4.224507738884189,10.337014925373134,4.791541016640452
411,Watsonia,2013,9.76053412462908,20.458456973293767,1.7311572700296736,4.683086053412463,6.448367952522255,39.57566765578635,0.4332344213649852,0.017804154302670624,5.937632917977071,10.697922848664687,5.1679036190179195
412,Watsonia,2014,10.421917808219177,21.643287671232876,1.32,4.973150684931507,6.416986301369863,37.73278236914601,0.3972602739726027,0.005479452054794521,3.6002075642238327,11.221369863013699,5.438783526689416
413,Watsonia,2015,9.964285714285714,21.093131868131866,1.3057851239669422,5.0596685082872925,6.478021978021978,37.92797783933518,0.3901098901098901,0.008241758241758242,3.33401101127666,11.128846153846155,5.5434191782358075
414,Watsonia,2016,10.630167597765363,20.81361111111111,1.9627118644067796,4.6640668523676885,6.080555555555556,39.07122507122507,0.46111111111111114,0.011111111111111112,5.850291825027975,10.139106145251397,5.069735686115891
415,Watsonia,2017,10.864705882352942,22.828735632183907,1.5710982658959538,4.829885057471264,7.033908045977012,32.72839506172839,0.367816091954023,0.022988505747126436,4.896543329482236,11.934117647058823,4.934771037563736
416,Williamtown,2009,12.60576923076923,24.125549450549453,2.9829201101928375,5.158543417366946,7.224722222222223,42.26392961876833,0.3598901098901099,0.03296703296703297,10.31928063264915,11.51978021978022,4.8250030566848485
417,Williamtown,2010,12.896011396011396,23.90883190883191,2.601169590643275,4.7918918918918925,6.720743034055728,40.787425149700596,0.42450142450142453,0.03418803418803419,6.450115262368641,11.012820512820513,4.3245981837101874
418,Williamtown,2011,13.438403041825095,24.39236641221374,3.6880341880341883,6.946192893401015,6.784967320261437,42.01229508196721,0.38022813688212925,0.053231939163498096,10.129730706571982,10.978625954198474,4.34777448039231
419,Williamtown,2012,11.260687022900765,23.034732824427483,3.192241379310345,7.64875,6.976842105263158,41.5136186770428,0.33587786259541985,0.03816793893129771,8.081346710260645,11.774045801526718,4.554894429321278
420,Williamtown,2013,11.803137254901962,24.396470588235296,4.3511312217194575,8.751219512195123,7.217821782178218,42.13061224489796,0.27058823529411763,0.043137254901960784,18.100169790413382,12.593333333333334,5.151316117535608
421,Williamtown,2014,12.98007662835249,24.435135135135134,3.4502242152466365,8.527058823529412,6.930526315789473,41.797665369649806,0.36015325670498083,0.05747126436781609,7.617877707098737,11.503088803088804,4.091784891781405
422,Williamtown,2015,12.834265734265735,24.147902097902097,4.5882812500000005,8.100507614213198,7.8533333333333335,42.329824561403505,0.28321678321678323,0.06643356643356643,15.484115180295797,11.313636363636363,4.69289751447224
423,Williamtown,2016,12.879640718562875,23.9644776119403,3.4811550151975683,9.208653846153847,8.31186440677966,42.37581699346405,0.31044776119402984,0.03880597014925373,15.823782190368203,11.082934131736526,4.236503999737576
424,Williamtown,2017,15.613636363636363,25.517613636363638,4.0636363636363635,,,39.89221556886228,0.5227272727272727,0.056818181818181816,8.943788673943267,9.903977272727273,4.071438647743283
425,Witchcliffe,2009,10.289801699716714,21.351966292134833,2.7768361581920904,,,41.07887323943662,0.49859943977591037,0.01680672268907563,6.296455690918292,11.022727272727273,4.943123279311143
426,Witchcliffe,2010,10.017039106145251,21.793314763231198,2.393854748603352,,,37.97486033519553,0.44722222222222224,0.030555555555555555,7.079086348580845,11.764145658263306,4.569617870713268
427,Witchcliffe,2011,11.013354037267082,22.118944099378883,3.004416403785489,,,40.99688473520249,0.4782608695652174,0.037267080745341616,7.150186732321878,11.105590062111801,4.3494798406691055
428,Witchcliffe,2012,10.604776119402985,21.919161676646706,3.1486567164179102,,,40.288288288288285,0.5164179104477612,0.03880597014925373,8.065836302334375,11.303293413173654,4.671338195021721
429,Witchcliffe,2013,10.917878787878788,21.674848484848486,3.9100303951367783,,,39.99393939393939,0.5303030303030303,0.05454545454545454,10.0203903244919,10.756969696969698,4.58094008539167
430,Witchcliffe,2014,11.340168539325843,21.630337078651685,2.7732954545454547,,,40.331460674157306,0.4606741573033708,0.03089887640449438,6.495553810759272,10.290168539325844,4.545456047058407
431,Witchcliffe,2015,10.850974930362117,21.75208913649025,2.3570621468926554,,,38.55027932960894,0.4373259052924791,0.019498607242339833,6.09138790769552,10.901114206128133,4.458768134834623
432,Witchcliffe,2016,10.710422535211267,20.857584269662922,3.4458452722063035,,,41.27350427350427,0.5365168539325843,0.03651685393258427,7.719639544702101,10.11549295774648,4.577970089205712
433,Witchcliffe,2017,11.438636363636364,22.813714285714287,1.8852272727272728,,,39.0,0.44886363636363635,0.017045454545454544,5.7481831121589275,11.377714285714287,4.633128511379289
434,Wollongong,2008,16.939285714285713,24.082758620689653,3.3428571428571425,,,52.06896551724138,0.4827586206896552,0.034482758620689655,9.51892573192727,7.0249999999999995,3.3452702930156977
435,Wollongong,2009,14.845983379501384,21.563636363636366,2.6537396121883656,,,47.43801652892562,0.33884297520661155,0.03856749311294766,7.842228540182589,6.715512465373962,2.8936391592373707
436,Wollongong,2010,14.675229357798166,21.074698795180723,3.4815533980582525,,,46.109422492401215,0.32238805970149254,0.050746268656716415,10.765231561194254,6.378593272171254,2.406987624830997
437,Wollongong,2011,14.672835820895521,20.852537313432837,3.801791044776119,,,46.832835820895525,0.37910447761194027,0.05373134328358209,12.82377551033394,6.179701492537313,2.432995473998003
438,Wollongong,2012,14.024397590361447,20.61234939759036,3.7,,,44.87951807228916,0.3614457831325301,0.04819277108433735,10.524266357842746,6.587951807228915,2.5308082412869437
439,Wollongong,2013,14.772106824925816,21.759347181008902,4.284272997032641,,,45.682492581602375,0.2789317507418398,0.06528189910979229,14.200671371503581,6.987240356083086,2.8337649182139057
440,Wollongong,2014,15.195592286501377,21.41845730027548,3.0914127423822713,,,45.01933701657459,0.4022038567493113,0.046831955922865015,10.466452144763045,6.222865013774105,2.3873401253264217
441,Wollongong,2015,14.905602240896359,21.35182072829132,3.9244318181818185,,,45.05337078651685,0.36694677871148457,0.04481792717086835,14.030096860316679,6.446218487394958,2.7242086754111448
442,Wollongong,2016,15.272602739726027,22.07123287671233,3.5230769230769234,,,45.20054945054945,0.3041095890410959,0.043835616438356165,13.790323408374627,6.798630136986302,2.701428862387425
443,Wollongong,2017,16.973652694610777,23.125149700598804,4.320481927710843,,,43.24698795180723,0.40718562874251496,0.059880239520958084,10.011021308793921,6.151497005988023,2.158810925704886
444,Woomera,2009,13.713972602739727,26.947123287671236,0.38465753424657534,9.755248618784531,9.592200557103064,45.66573816155989,0.13150684931506848,0.0027397260273972603,2.146600994641808,13.233150684931507,3.818020054141292
445,Woomera,2010,12.84171270718232,25.31132596685083,0.6803324099722992,8.829793510324484,8.926283987915408,42.239554317548745,0.1685082872928177,0.0027624309392265192,2.821834686920512,12.469613259668508,3.345574554855289
446,Woomera,2011,13.35969696969697,26.246363636363633,0.6753799392097264,9.271525423728812,8.52676056338028,43.90522875816993,0.14501510574018128,0.006042296072507553,3.674454737012343,12.88632218844985,4.108812825488951
447,Woomera,2012,12.042215568862275,25.786567164179104,0.3498507462686567,10.016423357664234,9.282758620689656,44.797014925373134,0.0955223880597015,0.0029850746268656717,2.0428621847301263,13.712275449101796,3.575769167202094
448,Woomera,2013,13.26876876876877,26.853293413173652,0.3970059880239521,11.117793594306049,9.239834024896266,44.68862275449102,0.13134328358208955,0.005970149253731343,2.1476693184625844,13.535843373493975,4.315287048125571
449,Woomera,2014,13.719452054794521,27.52958904109589,0.3156164383561644,13.486614173228347,9.509625668449198,44.78021978021978,0.1232876712328767,0.0,1.5132028711971721,13.81013698630137,3.76049173089189
450,Woomera,2015,13.476164383561644,26.55232876712329,0.43452054794520545,11.75608856088561,8.7625,43.489010989010985,0.09863013698630137,0.005479452054794521,3.839100828038495,13.076164383561645,4.04555876081284
451,Woomera,2016,13.170868347338935,26.22324929971989,0.6397183098591549,9.01329479768786,8.837254901960783,45.424157303370784,0.1568627450980392,0.0056022408963585435,2.619909630903104,13.052380952380952,4.1480841916732105
452,Woomera,2017,14.990285714285715,28.223428571428574,0.5891428571428571,7.609859154929577,0.0,39.42857142857143,0.09714285714285714,0.011428571428571429,3.1528397812719713,13.233142857142859,3.8622604984174056
